Snail,Date,Exposed,Food,Starve_W,Length,C_Eggs,C_Worms,Dead,Alive,Last_Alive
3,0,Y,1,0,2.2,0,0,0,1,0
3,7,Y,1,0,4.3,0,0,0,1,0
3,14,Y,1,0,7.2,0,0,0,1,0
3,21,Y,1,0,8.6,0,0,0,1,0
3,28,Y,1,0,9.5,0,194.32,0,1,0
3,35,Y,1,0,9.4,0,437.22,0,1,0
3,42,Y,1,0,10.5,0,1388,0,1,0
3,49,Y,1,0,10.4,0,1613.55,0,1,0
3,56,Y,1,0,10.3,0,2429,0,1,0
3,63,Y,1,0,10.4,0,3168.11,0,1,0
3,70,Y,1,0,10.6,0,3508.17,0,1,0
3,77,Y,1,0,11,0,3726.78,0,1,0
3,84,Y,1,0,11.1,0,4059.9,0,1,0
3,91,Y,1,0,11.2,0,4972.51,0,1,0
3,98,Y,1,0,11.4,0,6037.8,0,1,0
3,105,Y,1,0,11.4,0,6551.36,0,1,0
3,112,Y,1,0,11.4,0,7144.73,0,1,0
3,119,Y,1,0,11.4,0,7734.63,0,1,0
3,126,Y,1,0,11.4,9,7953.24,0,1,1
7,0,Y,1,0,2.1,0,0,0,1,0
7,7,Y,1,0,3.8,0,0,0,1,0
7,14,Y,1,0,7.5,0,0,0,1,0
7,21,Y,1,0,9.2,0,0,0,1,0
7,28,Y,1,0,9.4,0,277.6,0,1,0
7,35,Y,1,0,9.3,0,315.77,0,1,0
7,42,Y,1,0,10.4,0,369.77,0,1,0
7,49,Y,1,0,10.3,0,410.77,0,1,0
7,56,Y,1,0,10.3,0,959.03,0,1,0
7,63,Y,1,0,10.8,0,993.03,0,1,0
7,70,Y,1,0,10.6,0,1104.07,0,1,0
7,77,Y,1,0,11,0,1346.97,0,1,0
7,84,Y,1,0,11.7,0,1624.57,0,1,0
7,91,Y,1,0,11.7,0,2755.79,0,1,0
7,98,Y,1,0,12,0,3064.62,0,1,0
7,105,Y,1,0,12.2,0,3925.18,0,1,0
7,112,Y,1,0,12.3,0,4379.75,0,1,0
7,119,Y,1,0,12.4,0,4924.54,0,1,0
7,126,Y,1,0,12.4,0,5410.34,0,1,1
10,0,Y,1,0,2.6,0,0,0,1,0
10,7,Y,1,0,4.4,0,0,0,1,0
10,14,Y,1,0,7.3,0,0,0,1,0
10,21,Y,1,0,8.9,0,0,0,1,0
10,28,Y,1,0,9.2,0,142.27,0,1,0
10,35,Y,1,0,9.5,0,263.72,0,1,0
10,42,Y,1,0,9.9,0,811.98,0,1,0
10,49,Y,1,0,10.2,0,827.98,0,1,0
10,56,Y,1,0,9.6,0,858.98,0,1,1
10,63,Y,1,0,9.6,0,,1,0,0
10,70,Y,1,0,,,,,0,0
10,77,Y,1,0,,,,,0,0
10,84,Y,1,0,,,,,0,0
10,91,Y,1,0,,,,,0,0
10,98,Y,1,0,,,,,0,0
10,105,Y,1,0,,,,,0,0
10,112,Y,1,0,,,,,0,0
10,119,Y,1,0,,,,,0,0
10,126,Y,1,0,,,,,0,0
14,0,Y,1,0,2.6,0,0,0,1,0
14,7,Y,1,0,4.5,0,0,0,1,0
14,14,Y,1,0,6.5,0,0,0,1,0
14,21,Y,1,0,7.9,0,0,0,1,0
14,28,Y,1,0,8.2,0,62.46,0,1,0
14,35,Y,1,0,8.7,0,260.25,0,1,0
14,42,Y,1,0,8.9,0,711.35,0,1,0
14,49,Y,1,0,9.6,30,1068.76,0,1,0
14,56,Y,1,0,10.3,53,1224.91,0,1,0
14,63,Y,1,0,10.3,53,1388,0,1,0
14,70,Y,1,0,10.4,55,1686.42,0,1,1
14,77,Y,1,0,10.4,55,,1,0,0
14,84,Y,1,0,,,,,0,0
14,91,Y,1,0,,,,,0,0
14,98,Y,1,0,,,,,0,0
14,105,Y,1,0,,,,,0,0
14,112,Y,1,0,,,,,0,0
14,119,Y,1,0,,,,,0,0
14,126,Y,1,0,,,,,0,0
15,0,Y,1,0,2.1,0,0,0,1,0
15,7,Y,1,0,2.4,0,0,0,1,0
15,14,Y,1,0,6.7,0,0,0,1,0
15,21,Y,1,0,8.2,0,0,0,1,0
15,28,Y,1,0,9.2,0,451.1,0,1,0
15,35,Y,1,0,8.9,0,534.38,0,1,0
15,42,Y,1,0,9.7,0,766.87,0,1,0
15,49,Y,1,0,9.6,0,1068.76,0,1,0
15,56,Y,1,0,10.4,0,1446.99,0,1,0
15,63,Y,1,0,10.4,0,1797.46,0,1,0
15,70,Y,1,0,10.6,0,2082,0,1,0
15,77,Y,1,0,10.9,0,2234.68,0,1,0
15,84,Y,1,0,11.3,8,2290.68,0,1,0
15,91,Y,1,0,11.2,8,3217.17,0,1,0
15,98,Y,1,0,11.4,8,3303.17,0,1,0
15,105,Y,1,0,11.8,8,3900.01,0,1,0
15,112,Y,1,0,11.8,8,4021.46,0,1,0
15,119,Y,1,0,11.7,8,4274.77,0,1,0
15,126,Y,1,0,11.6,8,4587.07,0,1,1
46,0,Y,2,2,2.3,0,0,0,1,0
46,7,Y,2,2,4.2,0,0,0,1,0
46,14,Y,2,2,4.4,0,0,0,1,0
46,21,Y,2,2,8.4,0,0,0,1,0
46,28,Y,2,2,8.7,0,34,0,1,0
46,35,Y,2,2,8.7,0,47,0,1,0
46,42,Y,2,2,8.6,0,50,0,1,0
46,49,Y,2,2,9.2,0,154.1,0,1,0
46,56,Y,2,2,9.1,0,213.09,0,1,0
46,63,Y,2,2,9.7,0,438.64,0,1,0
46,70,Y,2,2,9.8,0,560.09,0,1,0
46,77,Y,2,2,10.2,0,584.09,0,1,0
46,84,Y,2,2,10.2,0,626.09,0,1,0
46,91,Y,2,2,10.2,0,1052.9,0,1,0
46,98,Y,2,2,10.5,0,1108.42,0,1,0
46,105,Y,2,2,11.1,0,1181.42,0,1,0
46,112,Y,2,2,11.1,0,1232.42,0,1,0
46,119,Y,2,2,11.2,0,1274.42,0,1,0
46,126,Y,2,2,11.2,0,1378.52,0,1,1
49,0,Y,2,2,2.1,0,0,0,1,0
49,7,Y,2,2,4,0,0,0,1,0
49,14,Y,2,2,4.1,0,0,0,1,0
49,21,Y,2,2,7.8,0,0,0,1,0
49,28,Y,2,2,7.9,0,0,0,1,0
49,35,Y,2,2,9.8,0,0,0,1,0
49,42,Y,2,2,9.8,0,1,0,1,0
49,49,Y,2,2,10.1,11,1,0,1,0
49,56,Y,2,2,10.5,14,18,0,1,0
49,63,Y,2,2,10.9,23,28,0,1,0
49,70,Y,2,2,10.9,23,40,0,1,0
49,77,Y,2,2,11.8,23,48,0,1,0
49,84,Y,2,2,11.7,23,65,0,1,0
49,91,Y,2,2,11.9,23,125,0,1,0
49,98,Y,2,2,12,23,164,0,1,0
49,105,Y,2,2,12.6,23,351.38,0,1,0
49,112,Y,2,2,12.6,23,417.38,0,1,0
49,119,Y,2,2,12.9,26,444.38,0,1,0
49,126,Y,2,2,12.9,26,590.12,0,1,1
54,0,Y,2,2,2.2,0,0,0,1,0
54,7,Y,2,2,4.7,0,0,0,1,0
54,14,Y,2,2,4.7,0,0,0,1,0
54,21,Y,2,2,6.2,0,0,0,1,0
54,28,Y,2,2,6.2,0,190.85,0,1,0
54,35,Y,2,2,8.1,0,201.85,0,1,0
54,42,Y,2,2,8.3,0,399.64,0,1,0
54,49,Y,2,2,8.4,0,469.04,0,1,0
54,56,Y,2,2,8.3,0,625.19,0,1,0
54,63,Y,2,2,8.5,0,681.19,0,1,0
54,70,Y,2,2,8.5,0,868.57,0,1,0
54,77,Y,2,2,8.9,0,996.96,0,1,0
54,84,Y,2,2,9,0,1236.39,0,1,0
54,91,Y,2,2,8.9,0,1408.39,0,1,0
54,98,Y,2,2,9,0,1783.15,0,1,0
54,105,Y,2,2,9.1,0,2071.16,0,1,0
54,112,Y,2,2,9.3,0,2272.42,0,1,0
54,119,Y,2,2,10.2,0,2484.09,0,1,0
54,126,Y,2,2,10.1,0,3247.49,0,1,1
83,0,Y,3,3,2.7,0,0,0,1,0
83,7,Y,3,3,5,0,0,0,1,0
83,14,Y,3,3,5.3,0,0,0,1,0
83,21,Y,3,3,5.3,0,0,0,1,0
83,28,Y,3,3,8.4,0,0,0,1,0
83,35,Y,3,3,8.7,0,0,0,1,0
83,42,Y,3,3,9,0,0,0,1,0
83,49,Y,3,3,10.4,0,0,0,1,0
83,56,Y,3,3,10.4,0,0,0,1,0
83,63,Y,3,3,10.2,0,0,0,1,0
83,70,Y,3,3,11.1,0,0,0,1,0
83,77,Y,3,3,11.1,9,0,0,1,0
83,84,Y,3,3,11.3,9,0,0,1,0
83,91,Y,3,3,12.1,28,0,0,1,0
83,98,Y,3,3,12.2,31,253.31,0,1,0
83,105,Y,3,3,12.3,31,261.31,0,1,0
83,112,Y,3,3,13.2,61,265.31,0,1,0
83,119,Y,3,3,13.2,61,265.31,0,1,0
83,126,Y,3,3,12.8,61,267.31,0,1,1
84,0,Y,3,3,2.2,0,0,0,1,0
84,7,Y,3,3,4,0,0,0,1,0
84,14,Y,3,3,4,0,0,0,1,0
84,21,Y,3,3,4.1,0,0,0,1,0
84,28,Y,3,3,6.6,0,0,0,1,0
84,35,Y,3,3,6.6,0,0,0,1,0
84,42,Y,3,3,6.6,0,0,0,1,0
84,49,Y,3,3,8.8,0,0,0,1,0
84,56,Y,3,3,9.1,0,0,0,1,0
84,63,Y,3,3,8.9,0,0,0,1,0
84,70,Y,3,3,10,0,0,0,1,0
84,77,Y,3,3,10,0,0,0,1,0
84,84,Y,3,3,10.2,0,0,0,1,0
84,91,Y,3,3,10.8,2,1,0,1,0
84,98,Y,3,3,11,2,34,0,1,0
84,105,Y,3,3,10.9,2,35,0,1,0
84,112,Y,3,3,11.6,6,35,0,1,0
84,119,Y,3,3,11.7,6,36,0,1,0
84,126,Y,3,3,11.5,6,38,0,1,1
86,0,Y,3,3,2.4,0,0,0,1,0
86,7,Y,3,3,4.9,0,0,0,1,0
86,14,Y,3,3,5,0,0,0,1,0
86,21,Y,3,3,5,0,0,0,1,0
86,28,Y,3,3,8.3,0,0,0,1,0
86,35,Y,3,3,8.8,0,0,0,1,0
86,42,Y,3,3,8.6,0,0,0,1,0
86,49,Y,3,3,10.1,0,0,0,1,0
86,56,Y,3,3,10.4,0,0,0,1,0
86,63,Y,3,3,10,0,0,0,1,0
86,70,Y,3,3,10.5,5,0,0,1,0
86,77,Y,3,3,10.5,5,0,0,1,0
86,84,Y,3,3,10.5,5,0,0,1,0
86,91,Y,3,3,10.9,12,0,0,1,0
86,98,Y,3,3,11,12,2,0,1,0
86,105,Y,3,3,11.1,12,4,0,1,0
86,112,Y,3,3,11.7,30,6,0,1,0
86,119,Y,3,3,11.8,30,6,0,1,0
86,126,Y,3,3,11.7,30,7,0,1,1
89,0,Y,3,3,2.8,0,0,0,1,0
89,7,Y,3,3,4.9,0,0,0,1,0
89,14,Y,3,3,5.2,0,0,0,1,0
89,21,Y,3,3,5.2,0,0,0,1,0
89,28,Y,3,3,7.6,0,0,0,1,0
89,35,Y,3,3,7.5,0,0,0,1,0
89,42,Y,3,3,7.8,0,0,0,1,0
89,49,Y,3,3,10,0,0,0,1,0
89,56,Y,3,3,9.9,0,0,0,1,0
89,63,Y,3,3,9.8,0,0,0,1,0
89,70,Y,3,3,10.6,0,0,0,1,0
89,77,Y,3,3,10.7,0,0,0,1,0
89,84,Y,3,3,11,0,0,0,1,0
89,91,Y,3,3,11.7,0,8,0,1,0
89,98,Y,3,3,11.9,0,8,0,1,0
89,105,Y,3,3,11.9,0,12,0,1,0
89,112,Y,3,3,12.6,0,25,0,1,0
89,119,Y,3,3,12.6,0,25,0,1,0
89,126,Y,3,3,12.5,0,27,0,1,1
90,0,Y,3,3,2.6,0,0,0,1,0
90,7,Y,3,3,5,0,0,0,1,0
90,14,Y,3,3,5.3,0,0,0,1,0
90,21,Y,3,3,5.4,0,0,0,1,0
90,28,Y,3,3,7.6,0,0,0,1,0
90,35,Y,3,3,7.5,0,0,0,1,0
90,42,Y,3,3,7.8,0,0,0,1,0
90,49,Y,3,3,9.2,0,1,0,1,0
90,56,Y,3,3,9.2,0,1,0,1,0
90,63,Y,3,3,9.2,0,1,0,1,0
90,70,Y,3,3,9.6,6,1,0,1,0
90,77,Y,3,3,9.9,6,1,0,1,0
90,84,Y,3,3,9.9,6,1,0,1,0
90,91,Y,3,3,10.6,6,1,0,1,0
90,98,Y,3,3,10.8,13,27,0,1,0
90,105,Y,3,3,10.9,13,29,0,1,0
90,112,Y,3,3,11.5,59,31,0,1,0
90,119,Y,3,3,11.6,59,31,0,1,0
90,126,Y,3,3,11.3,59,31,0,1,1
92,0,Y,3,3,2.6,0,0,0,1,0
92,7,Y,3,3,3.3,0,0,0,1,0
92,14,Y,3,3,3.6,0,0,0,1,0
92,21,Y,3,3,3.4,0,0,0,1,0
92,28,Y,3,3,7.1,0,0,0,1,0
92,35,Y,3,3,7.3,0,3,0,1,0
92,42,Y,3,3,7.5,0,3,0,1,0
92,49,Y,3,3,9,0,3,0,1,0
92,56,Y,3,3,9.3,0,3,0,1,0
92,63,Y,3,3,9,0,3,0,1,0
92,70,Y,3,3,9.2,28,3,0,1,0
92,77,Y,3,3,10.4,36,3,0,1,0
92,84,Y,3,3,10.7,36,3,0,1,0
92,91,Y,3,3,11,57,6,0,1,0
92,98,Y,3,3,11.4,63,54,0,1,0
92,105,Y,3,3,11.5,63,60,0,1,0
92,112,Y,3,3,12.5,139,76,0,1,0
92,119,Y,3,3,12.2,179,76,0,1,0
92,126,Y,3,3,11.9,179,76,0,1,1
94,0,Y,3,3,2.8,0,0,0,1,0
94,7,Y,3,3,5.3,0,0,0,1,0
94,14,Y,3,3,5.4,0,0,0,1,0
94,21,Y,3,3,5.6,0,0,0,1,0
94,28,Y,3,3,8.3,0,0,0,1,0
94,35,Y,3,3,8.3,0,0,0,1,0
94,42,Y,3,3,8.1,0,0,0,1,0
94,49,Y,3,3,10,0,0,0,1,0
94,56,Y,3,3,10,0,0,0,1,0
94,63,Y,3,3,9.4,0,2,0,1,0
94,70,Y,3,3,10.3,23,2,0,1,0
94,77,Y,3,3,10.3,23,2,0,1,0
94,84,Y,3,3,10.2,23,2,0,1,0
94,91,Y,3,3,10.6,23,9,0,1,0
94,98,Y,3,3,10.8,23,9,0,1,0
94,105,Y,3,3,10.8,23,12,0,1,0
94,112,Y,3,3,11.2,30,12,0,1,0
94,119,Y,3,3,11.2,35,12,0,1,0
94,126,Y,3,3,11.1,35,13,0,1,1
95,0,Y,3,3,2.3,0,0,0,1,0
95,7,Y,3,3,3.6,0,0,0,1,0
95,14,Y,3,3,3.5,0,0,0,1,0
95,21,Y,3,3,3.5,0,0,0,1,0
95,28,Y,3,3,5.2,0,0,0,1,0
95,35,Y,3,3,5.3,0,0,0,1,0
95,42,Y,3,3,5.6,0,0,0,1,0
95,49,Y,3,3,8,0,0,0,1,0
95,56,Y,3,3,8.2,0,0,0,1,0
95,63,Y,3,3,8.1,0,0,0,1,0
95,70,Y,3,3,9.3,0,0,0,1,0
95,77,Y,3,3,9.4,0,0,0,1,0
95,84,Y,3,3,9.4,0,0,0,1,0
95,91,Y,3,3,10.3,10,0,0,1,0
95,98,Y,3,3,10.5,13,1,0,1,0
95,105,Y,3,3,10.5,13,1,0,1,0
95,112,Y,3,3,11.2,30,5,0,1,0
95,119,Y,3,3,11.1,30,5,0,1,0
95,126,Y,3,3,11,30,5,0,1,1
141,0,Y,4,4,2.5,0,0,0,1,0
141,7,Y,4,4,4.4,0,0,0,1,0
141,14,Y,4,4,4.4,0,0,0,1,0
141,21,Y,4,4,4.4,0,0,0,1,0
141,28,Y,4,4,4.9,0,0,0,1,0
141,35,Y,4,4,7.3,0,0,0,1,0
141,42,Y,4,4,7.3,0,0,0,1,0
141,49,Y,4,4,7.2,0,0,0,1,0
141,56,Y,4,4,7.5,0,0,0,1,0
141,63,Y,4,4,7.9,0,0,0,1,0
141,70,Y,4,4,7.8,0,0,0,1,0
141,77,Y,4,4,7.8,0,0,0,1,0
141,84,Y,4,4,8.1,0,0,0,1,0
141,91,Y,4,4,8.1,0,0,0,1,0
141,98,Y,4,4,8.9,0,0,0,1,0
141,105,Y,4,4,8.9,0,0,0,1,0
141,112,Y,4,4,8.9,0,3,0,1,0
141,119,Y,4,4,9.1,0,4,0,1,0
141,126,Y,4,4,8.8,0,4,0,1,1
152,0,Y,4,4,2.9,0,0,0,1,0
152,7,Y,4,4,5.5,0,0,0,1,0
152,14,Y,4,4,5.5,0,0,0,1,0
152,21,Y,4,4,5.6,0,0,0,1,0
152,28,Y,4,4,5.6,0,0,0,1,0
152,35,Y,4,4,8.6,0,0,0,1,0
152,42,Y,4,4,8.9,0,0,0,1,0
152,49,Y,4,4,8.5,0,0,0,1,0
152,56,Y,4,4,8.8,0,0,0,1,0
152,63,Y,4,4,10.3,0,0,0,1,0
152,70,Y,4,4,10.6,0,0,0,1,0
152,77,Y,4,4,10.4,0,0,0,1,0
152,84,Y,4,4,10.7,0,0,0,1,0
152,91,Y,4,4,11.4,0,3,0,1,0
152,98,Y,4,4,11.5,0,3,0,1,0
152,105,Y,4,4,11.7,0,3,0,1,0
152,112,Y,4,4,11.7,0,8,0,1,0
152,119,Y,4,4,12.7,66,8,0,1,0
152,126,Y,4,4,12.5,74,8,0,1,1
153,0,Y,4,4,2.6,0,0,0,1,0
153,7,Y,4,4,4.5,0,0,0,1,0
153,14,Y,4,4,4.5,0,0,0,1,0
153,21,Y,4,4,4.7,0,0,0,1,0
153,28,Y,4,4,4.9,0,0,0,1,0
153,35,Y,4,4,5.5,0,0,0,1,0
153,42,Y,4,4,5.3,0,64,0,1,0
153,49,Y,4,4,5.4,0,73,0,1,0
153,56,Y,4,4,5.4,0,73,0,1,1
153,63,Y,4,4,5.3,0,73,1,0,0
153,70,Y,4,4,,,,,0,0
153,77,Y,4,4,,,,,0,0
153,84,Y,4,4,,,,,0,0
153,91,Y,4,4,,,,,0,0
153,98,Y,4,4,,,,,0,0
153,105,Y,4,4,,,,,0,0
153,112,Y,4,4,,,,,0,0
153,119,Y,4,4,,,,,0,0
153,126,Y,4,4,,,,,0,0
154,0,Y,4,4,3,0,0,0,1,0
154,7,Y,4,4,4.7,0,0,0,1,0
154,14,Y,4,4,4.8,0,0,0,1,0
154,21,Y,4,4,4.8,0,0,0,1,0
154,28,Y,4,4,4.8,0,0,0,1,0
154,35,Y,4,4,6.4,0,0,0,1,0
154,42,Y,4,4,6.8,0,0,0,1,0
154,49,Y,4,4,6.5,0,0,0,1,0
154,56,Y,4,4,6.2,0,0,0,1,0
154,63,Y,4,4,8.1,0,0,0,1,0
154,70,Y,4,4,8.3,0,0,0,1,0
154,77,Y,4,4,8.1,0,0,0,1,0
154,84,Y,4,4,8.1,0,0,0,1,0
154,91,Y,4,4,8.2,0,1,0,1,0
154,98,Y,4,4,8.2,0,2,0,1,0
154,105,Y,4,4,8.3,0,5,0,1,0
154,112,Y,4,4,8.3,0,5,0,1,0
154,119,Y,4,4,8.5,0,5,0,1,0
154,126,Y,4,4,8.4,0,7,0,1,1
16,0,N,1,0,2.1,0,,0,1,0
16,7,N,1,0,3.5,0,,0,1,0
16,14,N,1,0,6.5,0,,0,1,0
16,21,N,1,0,7.8,0,,0,1,0
16,28,N,1,0,8.5,11,,0,1,0
16,35,N,1,0,9.4,47,,0,1,0
16,42,N,1,0,9.7,69,,0,1,0
16,49,N,1,0,9.8,78,,0,1,0
16,56,N,1,0,10.2,88,,0,1,0
16,63,N,1,0,10.6,93,,0,1,0
16,70,N,1,0,11,102,,0,1,0
16,77,N,1,0,11.5,103,,0,1,0
16,84,N,1,0,12,103,,0,1,0
16,91,N,1,0,11.9,103,,0,1,0
16,98,N,1,0,12.2,106,,0,1,0
16,105,N,1,0,12.6,106,,0,1,0
16,112,N,1,0,12.6,108,,0,1,0
16,119,N,1,0,12.6,112,,0,1,0
16,126,N,1,0,12.6,116,,0,1,1
17,0,N,1,0,2,0,,0,1,0
17,7,N,1,0,3.8,0,,0,1,0
17,14,N,1,0,7.5,0,,0,1,0
17,21,N,1,0,8.3,0,,0,1,0
17,28,N,1,0,8.5,36,,0,1,0
17,35,N,1,0,9.3,78,,0,1,0
17,42,N,1,0,9,119,,0,1,0
17,49,N,1,0,9.7,165,,0,1,0
17,56,N,1,0,10.1,180,,0,1,0
17,63,N,1,0,10.5,206,,0,1,0
17,70,N,1,0,10.9,206,,0,1,0
17,77,N,1,0,11.3,206,,0,1,0
17,84,N,1,0,11.8,206,,0,1,0
17,91,N,1,0,12,206,,0,1,0
17,98,N,1,0,12.2,206,,0,1,0
17,105,N,1,0,12.8,206,,0,1,0
17,112,N,1,0,12.9,215,,0,1,0
17,119,N,1,0,12.8,215,,0,1,0
17,126,N,1,0,12.9,224,,0,1,1
18,0,N,1,0,2.2,0,,0,1,0
18,7,N,1,0,4.2,0,,0,1,0
18,14,N,1,0,7.3,0,,0,1,0
18,21,N,1,0,8,0,,0,1,0
18,28,N,1,0,8.8,0,,0,1,0
18,35,N,1,0,10,0,,0,1,0
18,42,N,1,0,10.8,46,,0,1,0
18,49,N,1,0,10.8,64,,0,1,0
18,56,N,1,0,11.4,76,,0,1,0
18,63,N,1,0,11.8,94,,0,1,0
18,70,N,1,0,12,98,,0,1,0
18,77,N,1,0,12,106,,0,1,0
18,84,N,1,0,12.6,106,,0,1,0
18,91,N,1,0,12.8,108,,0,1,0
18,98,N,1,0,12.9,112,,0,1,0
18,105,N,1,0,13.2,112,,0,1,0
18,112,N,1,0,13.2,112,,0,1,0
18,119,N,1,0,13.2,112,,0,1,0
18,126,N,1,0,13.3,125,,0,1,1
19,0,N,1,0,2.2,0,,0,1,0
19,7,N,1,0,4.4,0,,0,1,0
19,14,N,1,0,7,0,,0,1,0
19,21,N,1,0,8,0,,0,1,0
19,28,N,1,0,8.2,9,,0,1,0
19,35,N,1,0,9.1,22,,0,1,0
19,42,N,1,0,9,57,,0,1,0
19,49,N,1,0,9.5,63,,0,1,0
19,56,N,1,0,9.9,75,,0,1,0
19,63,N,1,0,10.2,84,,0,1,0
19,70,N,1,0,11,112,,0,1,0
19,77,N,1,0,11.2,117,,0,1,0
19,84,N,1,0,11.9,133,,0,1,0
19,91,N,1,0,11.7,152,,0,1,0
19,98,N,1,0,12.1,154,,0,1,0
19,105,N,1,0,12.2,165,,0,1,0
19,112,N,1,0,12.2,168,,0,1,0
19,119,N,1,0,12.5,168,,0,1,0
19,126,N,1,0,12.5,180,,0,1,1
20,0,N,1,0,2.3,0,,0,1,0
20,7,N,1,0,4.6,0,,0,1,0
20,14,N,1,0,7.3,0,,0,1,0
20,21,N,1,0,8,0,,0,1,0
20,28,N,1,0,9,0,,0,1,0
20,35,N,1,0,9.2,0,,0,1,0
20,42,N,1,0,9.8,14,,0,1,0
20,49,N,1,0,10.2,22,,0,1,0
20,56,N,1,0,10.6,38,,0,1,0
20,63,N,1,0,11.2,57,,0,1,0
20,70,N,1,0,11.4,61,,0,1,0
20,77,N,1,0,11.5,70,,0,1,0
20,84,N,1,0,11.9,70,,0,1,0
20,91,N,1,0,11.7,76,,0,1,0
20,98,N,1,0,12.3,79,,0,1,0
20,105,N,1,0,12.5,79,,0,1,0
20,112,N,1,0,12.7,79,,0,1,0
20,119,N,1,0,12.5,79,,0,1,0
20,126,N,1,0,12.5,84,,0,1,1
56,0,N,2,2,2.3,0,,0,1,0
56,7,N,2,2,4.4,0,,0,1,0
56,14,N,2,2,4.6,0,,0,1,0
56,21,N,2,2,7.7,0,,0,1,0
56,28,N,2,2,8,0,,0,1,0
56,35,N,2,2,9.3,0,,0,1,0
56,42,N,2,2,9.5,0,,0,1,0
56,49,N,2,2,10.6,0,,0,1,0
56,56,N,2,2,10,0,,0,1,0
56,63,N,2,2,11.1,3,,0,1,0
56,70,N,2,2,11.1,3,,0,1,0
56,77,N,2,2,12.1,6,,0,1,0
56,84,N,2,2,12.2,6,,0,1,0
56,91,N,2,2,12.5,9,,0,1,0
56,98,N,2,2,12.5,9,,0,1,0
56,105,N,2,2,13.3,9,,0,1,0
56,112,N,2,2,13.1,9,,0,1,0
56,119,N,2,2,13.4,9,,0,1,0
56,126,N,2,2,13.4,9,,0,1,1
57,0,N,2,2,2.5,0,,0,1,0
57,7,N,2,2,5.6,0,,0,1,0
57,14,N,2,2,5.7,0,,0,1,0
57,21,N,2,2,8.7,0,,0,1,0
57,28,N,2,2,8.6,0,,0,1,0
57,35,N,2,2,9.9,0,,0,1,0
57,42,N,2,2,10.1,0,,0,1,0
57,49,N,2,2,10.8,12,,0,1,0
57,56,N,2,2,10.8,25,,0,1,0
57,63,N,2,2,11.8,32,,0,1,0
57,70,N,2,2,11.8,35,,0,1,0
57,77,N,2,2,12.8,38,,0,1,0
57,84,N,2,2,13.1,38,,0,1,0
57,91,N,2,2,13.8,38,,0,1,0
57,98,N,2,2,13.8,38,,0,1,0
57,105,N,2,2,14.6,38,,0,1,0
57,112,N,2,2,14.6,38,,0,1,0
57,119,N,2,2,15,50,,0,1,0
57,126,N,2,2,14.9,50,,0,1,1
58,0,N,2,2,2.3,0,,0,1,0
58,7,N,2,2,4,0,,0,1,0
58,14,N,2,2,4.4,0,,0,1,0
58,21,N,2,2,8.2,0,,0,1,0
58,28,N,2,2,8.3,0,,0,1,0
58,35,N,2,2,9.9,0,,0,1,0
58,42,N,2,2,9.8,0,,0,1,0
58,49,N,2,2,9.7,42,,0,1,0
58,56,N,2,2,10.2,42,,0,1,0
58,63,N,2,2,11,117,,0,1,0
58,70,N,2,2,11,117,,0,1,0
58,77,N,2,2,12.1,155,,0,1,0
58,84,N,2,2,12.3,213,,0,1,0
58,91,N,2,2,12.4,217,,0,1,0
58,98,N,2,2,12.5,227,,0,1,0
58,105,N,2,2,13,238,,0,1,0
58,112,N,2,2,12.9,238,,0,1,0
58,119,N,2,2,13.1,250,,0,1,0
58,126,N,2,2,12.9,250,,0,1,1
59,0,N,2,2,2.3,0,,0,1,0
59,7,N,2,2,4.7,0,,0,1,0
59,14,N,2,2,5.1,0,,0,1,0
59,21,N,2,2,8,0,,0,1,0
59,28,N,2,2,8.7,0,,0,1,0
59,35,N,2,2,9.4,0,,0,1,0
59,42,N,2,2,9.3,0,,0,1,0
59,49,N,2,2,9.8,13,,0,1,0
59,56,N,2,2,10,13,,0,1,0
59,63,N,2,2,10.8,39,,0,1,0
59,70,N,2,2,10.8,39,,0,1,0
59,77,N,2,2,11.9,71,,0,1,0
59,84,N,2,2,11.9,71,,0,1,0
59,91,N,2,2,12.5,89,,0,1,0
59,98,N,2,2,12.6,89,,0,1,0
59,105,N,2,2,13.2,123,,0,1,0
59,112,N,2,2,13.1,123,,0,1,0
59,119,N,2,2,13.3,123,,0,1,0
59,126,N,2,2,13.1,123,,0,1,1
60,0,N,2,2,2,0,,0,1,0
60,7,N,2,2,4.2,0,,0,1,0
60,14,N,2,2,4.2,0,,0,1,0
60,21,N,2,2,7,0,,0,1,0
60,28,N,2,2,7.5,0,,0,1,0
60,35,N,2,2,8.7,0,,0,1,0
60,42,N,2,2,8.6,0,,0,1,0
60,49,N,2,2,9.5,0,,0,1,0
60,56,N,2,2,9.8,4,,0,1,0
60,63,N,2,2,10.7,17,,0,1,0
60,70,N,2,2,10.7,24,,0,1,0
60,77,N,2,2,11.2,33,,0,1,0
60,84,N,2,2,11.4,33,,0,1,0
60,91,N,2,2,11.8,47,,0,1,0
60,98,N,2,2,11.9,47,,0,1,0
60,105,N,2,2,12.5,59,,0,1,0
60,112,N,2,2,12.4,59,,0,1,0
60,119,N,2,2,12.6,60,,0,1,0
60,126,N,2,2,12.3,60,,0,1,1
96,0,N,3,3,2.4,0,,0,1,0
96,7,N,3,3,3.8,0,,0,1,0
96,14,N,3,3,3.8,0,,0,1,0
96,21,N,3,3,3.9,0,,0,1,0
96,28,N,3,3,5.7,0,,0,1,1
96,35,N,3,3,6.6,0,,1,0,0
96,42,N,3,3,,,,,0,0
96,49,N,3,3,,,,,0,0
96,56,N,3,3,,,,,0,0
96,63,N,3,3,,,,,0,0
96,70,N,3,3,,,,,0,0
96,77,N,3,3,,,,,0,0
96,84,N,3,3,,,,,0,0
96,91,N,3,3,,,,,0,0
96,98,N,3,3,,,,,0,0
96,105,N,3,3,,,,,0,0
96,112,N,3,3,,,,,0,0
96,119,N,3,3,,,,,0,0
96,126,N,3,3,,,,,0,0
97,0,N,3,3,2.3,0,,0,1,0
97,7,N,3,3,4.5,0,,0,1,0
97,14,N,3,3,4.8,0,,0,1,0
97,21,N,3,3,4.9,0,,0,1,0
97,28,N,3,3,5.5,0,,0,1,0
97,35,N,3,3,4.8,0,,0,1,0
97,42,N,3,3,4.9,0,,0,1,0
97,49,N,3,3,8.4,0,,0,1,0
97,56,N,3,3,8.3,0,,0,1,0
97,63,N,3,3,8.4,0,,0,1,0
97,70,N,3,3,9.3,23,,0,1,0
97,77,N,3,3,9.6,23,,0,1,0
97,84,N,3,3,9.6,23,,0,1,0
97,91,N,3,3,10.6,32,,0,1,0
97,98,N,3,3,10.9,37,,0,1,0
97,105,N,3,3,10.9,37,,0,1,0
97,112,N,3,3,11.9,58,,0,1,0
97,119,N,3,3,12.3,58,,0,1,0
97,126,N,3,3,11.6,58,,0,1,1
98,0,N,3,3,2.8,0,,0,1,0
98,7,N,3,3,4.9,0,,0,1,0
98,14,N,3,3,5,0,,0,1,0
98,21,N,3,3,5,0,,0,1,0
98,28,N,3,3,6.3,0,,0,1,0
98,35,N,3,3,6.4,0,,0,1,0
98,42,N,3,3,6.7,0,,0,1,0
98,49,N,3,3,9.1,0,,0,1,0
98,56,N,3,3,9,6,,0,1,0
98,63,N,3,3,9.1,6,,0,1,0
98,70,N,3,3,9.5,17,,0,1,1
98,77,N,3,3,9.5,17,,1,0,0
98,84,N,3,3,,,,,0,0
98,91,N,3,3,,,,,0,0
98,98,N,3,3,,,,,0,0
98,105,N,3,3,,,,,0,0
98,112,N,3,3,,,,,0,0
98,119,N,3,3,,,,,0,0
98,126,N,3,3,,,,,0,0
99,0,N,3,3,2.4,0,,0,1,0
99,7,N,3,3,3.9,0,,0,1,0
99,14,N,3,3,3.9,0,,0,1,0
99,21,N,3,3,3.9,0,,0,1,0
99,28,N,3,3,6.3,0,,0,1,0
99,35,N,3,3,6.1,0,,0,1,1
99,42,N,3,3,6.5,0,,1,0,0
99,49,N,3,3,,,,,0,0
99,56,N,3,3,,,,,0,0
99,63,N,3,3,,,,,0,0
99,70,N,3,3,,,,,0,0
99,77,N,3,3,,,,,0,0
99,84,N,3,3,,,,,0,0
99,91,N,3,3,,,,,0,0
99,98,N,3,3,,,,,0,0
99,105,N,3,3,,,,,0,0
99,112,N,3,3,,,,,0,0
99,119,N,3,3,,,,,0,0
99,126,N,3,3,,,,,0,0
100,0,N,3,3,2.6,0,,0,1,0
100,7,N,3,3,4.1,0,,0,1,0
100,14,N,3,3,4,0,,0,1,0
100,21,N,3,3,4.1,0,,0,1,0
100,28,N,3,3,8.5,0,,0,1,0
100,35,N,3,3,8.8,0,,0,1,0
100,42,N,3,3,9,0,,0,1,0
100,49,N,3,3,10.4,0,,0,1,0
100,56,N,3,3,10.2,0,,0,1,0
100,63,N,3,3,10.1,0,,0,1,0
100,70,N,3,3,11.1,0,,0,1,0
100,77,N,3,3,11.2,0,,0,1,0
100,84,N,3,3,11.3,0,,0,1,0
100,91,N,3,3,12.1,0,,0,1,0
100,98,N,3,3,12.2,0,,0,1,0
100,105,N,3,3,12.5,0,,0,1,0
100,112,N,3,3,12.9,0,,0,1,0
100,119,N,3,3,13.2,0,,0,1,0
100,126,N,3,3,12.9,0,,0,1,1
156,0,N,4,4,2.8,0,,0,1,0
156,7,N,4,4,4.4,0,,0,1,0
156,14,N,4,4,4.4,0,,0,1,0
156,21,N,4,4,4.5,0,,0,1,0
156,28,N,4,4,4.7,0,,0,1,1
156,35,N,4,4,4.7,0,,1,0,0
156,42,N,4,4,,,,,0,0
156,49,N,4,4,,,,,0,0
156,56,N,4,4,,,,,0,0
156,63,N,4,4,,,,,0,0
156,70,N,4,4,,,,,0,0
156,77,N,4,4,,,,,0,0
156,84,N,4,4,,,,,0,0
156,91,N,4,4,,,,,0,0
156,98,N,4,4,,,,,0,0
156,105,N,4,4,,,,,0,0
156,112,N,4,4,,,,,0,0
156,119,N,4,4,,,,,0,0
156,126,N,4,4,,,,,0,0
157,0,N,4,4,2.9,0,,0,1,0
157,7,N,4,4,4.3,0,,0,1,0
157,14,N,4,4,4.1,0,,0,1,0
157,21,N,4,4,4.1,0,,0,1,0
157,28,N,4,4,4.3,0,,0,1,0
157,35,N,4,4,4.8,0,,0,1,0
157,42,N,4,4,5.2,0,,0,1,0
157,49,N,4,4,5.1,0,,0,1,0
157,56,N,4,4,5.2,0,,0,1,0
157,63,N,4,4,7.6,0,,0,1,0
157,70,N,4,4,7.8,0,,0,1,0
157,77,N,4,4,7.8,0,,0,1,0
157,84,N,4,4,8,0,,0,1,0
157,91,N,4,4,9,10,,0,1,0
157,98,N,4,4,9,18,,0,1,0
157,105,N,4,4,9,18,,0,1,0
157,112,N,4,4,9,18,,0,1,0
157,119,N,4,4,10.4,18,,0,1,0
157,126,N,4,4,10.3,28,,0,1,1
158,0,N,4,4,2.5,0,,0,1,0
158,7,N,4,4,4,0,,0,1,0
158,14,N,4,4,4.1,0,,0,1,0
158,21,N,4,4,4.2,0,,0,1,0
158,28,N,4,4,4.5,0,,0,1,0
158,35,N,4,4,4.5,0,,0,1,1
158,42,N,4,4,4.3,0,,1,0,0
158,49,N,4,4,,,,,0,0
158,56,N,4,4,,,,,0,0
158,63,N,4,4,,,,,0,0
158,70,N,4,4,,,,,0,0
158,77,N,4,4,,,,,0,0
158,84,N,4,4,,,,,0,0
158,91,N,4,4,,,,,0,0
158,98,N,4,4,,,,,0,0
158,105,N,4,4,,,,,0,0
158,112,N,4,4,,,,,0,0
158,119,N,4,4,,,,,0,0
158,126,N,4,4,,,,,0,0
159,0,N,4,4,2.5,0,,0,1,0
159,7,N,4,4,3.9,0,,0,1,0
159,14,N,4,4,4,0,,0,1,0
159,21,N,4,4,4.1,0,,0,1,0
159,28,N,4,4,4,0,,0,1,0
159,35,N,4,4,7.8,0,,0,1,0
159,42,N,4,4,7.8,0,,0,1,0
159,49,N,4,4,7.8,0,,0,1,0
159,56,N,4,4,7.6,0,,0,1,1
159,63,N,4,4,7.6,0,,1,0,0
159,70,N,4,4,,,,,0,0
159,77,N,4,4,,,,,0,0
159,84,N,4,4,,,,,0,0
159,91,N,4,4,,,,,0,0
159,98,N,4,4,,,,,0,0
159,105,N,4,4,,,,,0,0
159,112,N,4,4,,,,,0,0
159,119,N,4,4,,,,,0,0
159,126,N,4,4,,,,,0,0
160,0,N,4,4,3,0,,0,1,0
160,7,N,4,4,4.9,0,,0,1,0
160,14,N,4,4,5,0,,0,1,0
160,21,N,4,4,5,0,,0,1,0
160,28,N,4,4,5.4,0,,0,1,1
160,35,N,4,4,5.4,0,,1,0,0
160,42,N,4,4,,,,,0,0
160,49,N,4,4,,,,,0,0
160,56,N,4,4,,,,,0,0
160,63,N,4,4,,,,,0,0
160,70,N,4,4,,,,,0,0
160,77,N,4,4,,,,,0,0
160,84,N,4,4,,,,,0,0
160,91,N,4,4,,,,,0,0
160,98,N,4,4,,,,,0,0
160,105,N,4,4,,,,,0,0
160,112,N,4,4,,,,,0,0
160,119,N,4,4,,,,,0,0
160,126,N,4,4,,,,,0,0
