Snail,Exposure,Competitor_Size,Week,Length_F,Cercs,F_last_alive,Length_C,Replaced,C_Eggs,C_Cercs
2,Y,None,0,3.6,0,0,,0,0,0
2,Y,None,1,6.2,0,0,,0,0,0
2,Y,None,2,10.2,0,0,,0,0,0
2,Y,None,3,11.7,0,0,,0,0,0
2,Y,None,4,12.4,180,0,,0,0,180
2,Y,None,5,12.5,1499,0,,0,0,1679
2,Y,None,6,13.1,2099,0,,0,0,3778
2,Y,None,7,13.5,3591,0,,0,0,7369
2,Y,None,8,13.8,1860,0,,0,0,9229
2,Y,None,9,14,1620,0,,0,0,10849
2,Y,None,10,14.4,1044,0,,0,0,11893
2,Y,None,11,14.3,579,0,,0,0,12472
2,Y,None,12,14.5,278,0,,0,0,12750
2,Y,None,13,14.7,337,0,,0,0,13087
2,Y,None,14,14.7,573,0,,0,0,13660
2,Y,None,15,15.1,642,1,,0,0,14302
3,Y,None,0,3.7,0,0,,0,0,0
3,Y,None,1,7.1,0,0,,0,0,0
3,Y,None,2,10.2,0,0,,0,0,0
3,Y,None,3,12,0,0,,0,0,0
3,Y,None,4,12.5,12,0,,0,0,12
3,Y,None,5,13,319,0,,0,0,331
3,Y,None,6,13.6,236,0,,0,0,567
3,Y,None,7,13.9,337,0,,0,0,904
3,Y,None,8,14.5,48,0,,0,0,952
3,Y,None,9,15,21,0,,0,0,973
3,Y,None,10,15.5,13,0,,0,0,986
3,Y,None,11,15.4,13,0,,0,0,999
3,Y,None,12,15.6,3,1,,0,0,1002
3,Y,None,13,15.6,,,,,0,
3,Y,None,14,,,,,,,
3,Y,None,15,,,,,,,
6,Y,None,0,4.3,0,0,,0,0,0
6,Y,None,1,7.7,0,0,,0,0,0
6,Y,None,2,11.2,0,0,,0,0,0
6,Y,None,3,13,0,0,,0,0,0
6,Y,None,4,14.5,0,0,,0,0,0
6,Y,None,5,15,226,0,,0,0,226
6,Y,None,6,15.3,680,0,,0,0,906
6,Y,None,7,15.4,1398,0,,0,0,2304
6,Y,None,8,15.8,677,0,,0,0,2981
6,Y,None,9,16,1336,0,,0,0,4317
6,Y,None,10,16.4,1041,0,,0,0,5358
6,Y,None,11,16.2,809,0,,0,0,6167
6,Y,None,12,16.5,493,0,,0,0,6660
6,Y,None,13,16.5,344,0,,0,0,7004
6,Y,None,14,16.6,600,0,,0,0,7604
6,Y,None,15,16.9,645,1,,0,0,8249
8,Y,None,0,4.1,0,0,,0,0,0
8,Y,None,1,7.4,0,0,,0,0,0
8,Y,None,2,10.2,0,0,,0,0,0
8,Y,None,3,11.7,0,0,,0,0,0
8,Y,None,4,12.5,149,0,,0,0,149
8,Y,None,5,12.6,1117,0,,0,0,1266
8,Y,None,6,12.9,930,0,,0,0,2196
8,Y,None,7,13.3,645,0,,0,0,2841
8,Y,None,8,13.4,409,0,,0,0,3250
8,Y,None,9,13.7,368,0,,0,0,3618
8,Y,None,10,14.2,753,0,,0,0,4371
8,Y,None,11,14.2,1239,0,,0,0,5610
8,Y,None,12,14.5,354,0,,0,0,5964
8,Y,None,13,14.7,715,0,,0,0,6679
8,Y,None,14,15,1947,0,,0,0,8626
8,Y,None,15,15.2,930,1,,0,0,9556
9,Y,None,0,3.8,0,0,,0,0,0
9,Y,None,1,6.3,0,0,,0,0,0
9,Y,None,2,9.8,0,0,,0,0,0
9,Y,None,3,11.3,0,0,,0,0,0
9,Y,None,4,11.9,94,0,,0,0,94
9,Y,None,5,12,1103,0,,0,0,1197
9,Y,None,6,12.1,305,0,,0,0,1502
9,Y,None,7,12.4,1058,0,,0,0,2560
9,Y,None,8,12.5,1516,0,,0,0,4076
9,Y,None,9,12.5,323,0,,0,0,4399
9,Y,None,10,12.9,781,1,,0,0,5180
9,Y,None,11,12.9,,,,,0,
9,Y,None,12,,,,,,,
9,Y,None,13,,,,,,,
9,Y,None,14,,,,,,,
9,Y,None,15,,,,,,,
10,Y,None,0,3.9,0,0,,0,0,0
10,Y,None,1,7.2,0,0,,0,0,0
10,Y,None,2,10.1,0,0,,0,0,0
10,Y,None,3,11.3,0,0,,0,0,0
10,Y,None,4,12.2,45,0,,0,0,45
10,Y,None,5,12.5,1423,0,,0,30,1468
10,Y,None,6,12.8,618,0,,0,30,2086
10,Y,None,7,12.8,3026,0,,0,30,5112
10,Y,None,8,13,1038,0,,0,30,6150
10,Y,None,9,13,2276,0,,0,30,8426
10,Y,None,10,13.3,3314,0,,0,30,11740
10,Y,None,11,12.9,201,0,,0,30,11941
10,Y,None,12,13.4,371,1,,0,30,12312
10,Y,None,13,13.4,,,,,30,
10,Y,None,14,,,,,,,
10,Y,None,15,,,,,,,
11,Y,None,0,4.5,0,0,,0,0,0
11,Y,None,1,7.7,0,0,,0,0,0
11,Y,None,2,10.4,0,0,,0,0,0
11,Y,None,3,11.8,0,0,,0,0,0
11,Y,None,4,12.5,139,0,,0,0,139
11,Y,None,5,12.5,663,0,,0,0,802
11,Y,None,6,12.9,552,0,,0,0,1354
11,Y,None,7,13.3,1013,0,,0,0,2367
11,Y,None,8,13.5,600,0,,0,0,2967
11,Y,None,9,13.5,451,0,,0,0,3418
11,Y,None,10,13.7,552,0,,0,0,3970
11,Y,None,11,13.7,926,0,,0,0,4896
11,Y,None,12,14.3,413,0,,0,0,5309
11,Y,None,13,14.4,347,0,,0,0,5656
11,Y,None,14,14.4,385,0,,0,0,6041
11,Y,None,15,14.6,833,1,,0,0,6874
12,Y,None,0,4.2,0,0,,0,0,0
12,Y,None,1,7.1,0,0,,0,0,0
12,Y,None,2,10.1,0,0,,0,0,0
12,Y,None,3,12.3,0,0,,0,0,0
12,Y,None,4,12.9,29,0,,0,0,29
12,Y,None,5,12.9,378,0,,0,0,407
12,Y,None,6,12.9,465,1,,0,0,872
12,Y,None,7,,,,,,,
12,Y,None,8,,,,,,,
12,Y,None,9,,,,,,,
12,Y,None,10,,,,,,,
12,Y,None,11,,,,,,,
12,Y,None,12,,,,,,,
12,Y,None,13,,,,,,,
12,Y,None,14,,,,,,,
12,Y,None,15,,,,,,,
13,Y,None,0,4.3,0,0,,0,0,0
13,Y,None,1,7,0,0,,0,0,0
13,Y,None,2,10.5,0,0,,0,0,0
13,Y,None,3,12.2,0,0,,0,0,0
13,Y,None,4,12.7,20,0,,0,0,20
13,Y,None,5,12.7,819,0,,0,0,839
13,Y,None,6,13.2,337,0,,0,0,1176
13,Y,None,7,13.8,1194,0,,0,0,2370
13,Y,None,8,14.1,444,0,,0,0,2814
13,Y,None,9,14,291,0,,0,0,3105
13,Y,None,10,14.2,569,0,,0,0,3674
13,Y,None,11,14.4,1201,0,,0,0,4875
13,Y,None,12,14.9,826,0,,0,0,5701
13,Y,None,13,15.1,437,0,,0,0,6138
13,Y,None,14,15.3,815,0,,0,0,6953
13,Y,None,15,15.5,142,1,,0,0,7095
14,Y,None,0,4.4,0,0,,0,0,0
14,Y,None,1,8.1,0,0,,0,0,0
14,Y,None,2,10,0,0,,0,0,0
14,Y,None,3,12.3,0,0,,0,0,0
14,Y,None,4,13,7,0,,0,0,7
14,Y,None,5,13.1,413,0,,0,0,420
14,Y,None,6,13.9,215,0,,0,0,635
14,Y,None,7,14.3,1048,0,,0,0,1683
14,Y,None,8,14.4,795,0,,0,0,2478
14,Y,None,9,14.3,437,0,,0,0,2915
14,Y,None,10,14.8,781,0,,0,0,3696
14,Y,None,11,14.6,583,0,,0,0,4279
14,Y,None,12,14.9,194,0,,0,0,4473
14,Y,None,13,15,236,0,,0,0,4709
14,Y,None,14,15.2,510,0,,0,0,5219
14,Y,None,15,15.2,729,1,,0,0,5948
15,Y,None,0,4.2,0,0,,0,0,0
15,Y,None,1,7.1,0,0,,0,0,0
15,Y,None,2,10.2,0,0,,0,0,0
15,Y,None,3,11.3,0,0,,0,0,0
15,Y,None,4,11.7,330,0,,0,0,330
15,Y,None,5,12.1,715,0,,0,3,1045
15,Y,None,6,12.2,1260,0,,0,3,2305
15,Y,None,7,12.5,1582,0,,0,3,3887
15,Y,None,8,12.8,1176,0,,0,3,5063
15,Y,None,9,12.8,746,0,,0,3,5809
15,Y,None,10,13.2,1426,0,,0,3,7235
15,Y,None,11,13.3,1721,0,,0,3,8956
15,Y,None,12,13.6,1391,0,,0,3,10347
15,Y,None,13,13.7,201,0,,0,3,10548
15,Y,None,14,14.3,1128,0,,0,3,11676
15,Y,None,15,14.5,1253,1,,0,7,12929
16,Y,None,0,4.3,0,0,,0,0,0
16,Y,None,1,7.2,0,0,,0,0,0
16,Y,None,2,10.7,0,0,,0,0,0
16,Y,None,3,12.3,0,0,,0,0,0
16,Y,None,4,13.1,34,0,,0,0,34
16,Y,None,5,13.6,1076,0,,0,0,1110
16,Y,None,6,14.1,1315,0,,0,0,2425
16,Y,None,7,15,1176,0,,0,0,3601
16,Y,None,8,15.4,1797,0,,0,0,5398
16,Y,None,9,15.4,729,0,,0,0,6127
16,Y,None,10,15.9,947,0,,0,0,7074
16,Y,None,11,16,378,0,,0,0,7452
16,Y,None,12,16.4,434,0,,0,0,7886
16,Y,None,13,16,260,1,,0,0,8146
16,Y,None,14,16.1,,,,,0,
16,Y,None,15,,,,,,,
17,Y,None,0,4.3,0,0,,0,0,0
17,Y,None,1,7.4,0,0,,0,0,0
17,Y,None,2,10.5,0,0,,0,0,0
17,Y,None,3,12,0,0,,0,0,0
17,Y,None,4,12.9,17,0,,0,0,17
17,Y,None,5,13.2,222,0,,0,0,239
17,Y,None,6,13.5,278,0,,0,0,517
17,Y,None,7,13.6,382,0,,0,0,899
17,Y,None,8,13.6,305,0,,0,0,1204
17,Y,None,9,13.8,239,0,,0,0,1443
17,Y,None,10,14.3,219,0,,0,0,1662
17,Y,None,11,14.4,493,0,,0,0,2155
17,Y,None,12,14.6,562,0,,0,0,2717
17,Y,None,13,14.6,357,0,,0,0,3074
17,Y,None,14,14.6,809,0,,0,0,3883
17,Y,None,15,14.9,1072,1,,0,0,4955
18,Y,None,0,4,0,0,,0,0,0
18,Y,None,1,6,0,0,,0,0,0
18,Y,None,2,9.7,0,0,,0,0,0
18,Y,None,3,11.2,0,0,,0,0,0
18,Y,None,4,11.8,153,0,,0,0,153
18,Y,None,5,12.4,701,0,,0,5,854
18,Y,None,6,12.7,1263,0,,0,5,2117
18,Y,None,7,12.9,1242,0,,0,5,3359
18,Y,None,8,12.7,881,0,,0,5,4240
18,Y,None,9,13.2,888,0,,0,5,5128
18,Y,None,10,13.4,1822,0,,0,5,6950
18,Y,None,11,13.2,1995,0,,0,5,8945
18,Y,None,12,13.3,1638,0,,0,5,10583
18,Y,None,13,13.5,541,0,,0,5,11124
18,Y,None,14,13.5,847,0,,0,5,11971
18,Y,None,15,13.6,753,1,,0,10,12724
19,Y,None,0,4.5,0,0,,0,0,0
19,Y,None,1,8.1,0,0,,0,0,0
19,Y,None,2,10.5,0,0,,0,0,0
19,Y,None,3,12.1,0,0,,0,0,0
19,Y,None,4,12.9,46,0,,0,0,46
19,Y,None,5,13.2,881,0,,0,4,927
19,Y,None,6,13.8,1055,0,,0,17,1982
19,Y,None,7,13.7,1103,0,,0,17,3085
19,Y,None,8,14.1,972,0,,0,22,4057
19,Y,None,9,14,437,0,,0,22,4494
19,Y,None,10,14.3,788,0,,0,22,5282
19,Y,None,11,14.6,781,0,,0,22,6063
19,Y,None,12,14.9,135,0,,0,22,6198
19,Y,None,13,15.3,97,0,,0,22,6295
19,Y,None,14,15.2,555,0,,0,22,6850
19,Y,None,15,15.4,385,1,,0,22,7235
20,Y,None,0,4.1,0,0,,0,0,0
20,Y,None,1,7.2,0,0,,0,0,0
20,Y,None,2,10.7,0,0,,0,0,0
20,Y,None,3,12,0,0,,0,0,0
20,Y,None,4,12.3,49,0,,0,0,49
20,Y,None,5,12.8,205,0,,0,0,254
20,Y,None,6,13,972,0,,0,0,1226
20,Y,None,7,13.5,1454,0,,0,0,2680
20,Y,None,8,13.4,743,0,,0,0,3423
20,Y,None,9,13.6,673,0,,0,0,4096
20,Y,None,10,13.9,1166,0,,0,0,5262
20,Y,None,11,13.7,413,0,,0,0,5675
20,Y,None,12,14.2,701,0,,0,0,6376
20,Y,None,13,14.2,285,0,,0,0,6661
20,Y,None,14,14.1,677,0,,0,0,7338
20,Y,None,15,14.5,642,1,,0,0,7980
21,N,None,0,4,0,0,,0,0,0
21,N,None,1,6.5,0,0,,0,0,0
21,N,None,2,9.5,0,0,,0,0,0
21,N,None,3,10.4,0,0,,0,0,0
21,N,None,4,11.1,0,0,,0,0,0
21,N,None,5,11.7,0,0,,0,0,0
21,N,None,6,12.1,0,0,,0,0,0
21,N,None,7,12.6,0,0,,0,0,0
21,N,None,8,13.2,0,0,,0,79,0
21,N,None,9,13.4,0,0,,0,87,0
21,N,None,10,13.5,0,0,,0,87,0
21,N,None,11,13.7,0,0,,0,87,0
21,N,None,12,14.1,0,0,,0,87,0
21,N,None,13,14.6,0,0,,0,87,0
21,N,None,14,14.8,0,0,,0,87,0
21,N,None,15,15.2,0,1,,0,87,0
22,N,None,0,4.1,0,0,,0,0,0
22,N,None,1,6.8,0,0,,0,0,0
22,N,None,2,9.9,0,0,,0,0,0
22,N,None,3,11.2,0,0,,0,0,0
22,N,None,4,11.9,0,0,,0,0,0
22,N,None,5,12.8,0,0,,0,104,0
22,N,None,6,13.2,0,0,,0,186,0
22,N,None,7,13.6,0,0,,0,186,0
22,N,None,8,14,0,0,,0,305,0
22,N,None,9,14.2,0,0,,0,305,0
22,N,None,10,14.7,0,0,,0,305,0
22,N,None,11,14.8,0,0,,0,305,0
22,N,None,12,15.2,0,0,,0,305,0
22,N,None,13,15.9,0,0,,0,305,0
22,N,None,14,16.3,0,0,,0,305,0
22,N,None,15,16.7,0,1,,0,345,0
23,N,None,0,35,0,0,,0,0,0
23,N,None,1,6.6,0,0,,0,0,0
23,N,None,2,9.7,0,0,,0,0,0
23,N,None,3,10.8,0,0,,0,0,0
23,N,None,4,11.5,0,0,,0,55,0
23,N,None,5,12.3,0,0,,0,55,0
23,N,None,6,12.8,0,0,,0,55,0
23,N,None,7,13.3,0,0,,0,55,0
23,N,None,8,13.9,0,0,,0,55,0
23,N,None,9,14.1,0,0,,0,55,0
23,N,None,10,14.4,0,0,,0,55,0
23,N,None,11,14.5,0,0,,0,71,0
23,N,None,12,15.1,0,0,,0,71,0
23,N,None,13,15.4,0,0,,0,71,0
23,N,None,14,15.5,0,0,,0,169,0
23,N,None,15,15.6,0,1,,0,169,0
24,N,None,0,3.8,0,0,,0,0,0
24,N,None,1,7,0,0,,0,0,0
24,N,None,2,9.2,0,0,,0,0,0
24,N,None,3,9.2,0,1,,0,0,0
24,N,None,4,9,,,,,0,
24,N,None,5,,,,,,,
24,N,None,6,,,,,,,
24,N,None,7,,,,,,,
24,N,None,8,,,,,,,
24,N,None,9,,,,,,,
24,N,None,10,,,,,,,
24,N,None,11,,,,,,,
24,N,None,12,,,,,,,
24,N,None,13,,,,,,,
24,N,None,14,,,,,,,
24,N,None,15,,,,,,,
25,N,None,0,3.9,0,0,,0,0,0
25,N,None,1,6.3,0,0,,0,0,0
25,N,None,2,9.3,0,0,,0,0,0
25,N,None,3,10.9,0,0,,0,0,0
25,N,None,4,11.5,0,0,,0,0,0
25,N,None,5,12,0,0,,0,26,0
25,N,None,6,12.4,0,0,,0,57,0
25,N,None,7,12.7,0,0,,0,57,0
25,N,None,8,13.1,0,0,,0,98,0
25,N,None,9,13.3,0,0,,0,137,0
25,N,None,10,13.7,0,0,,0,137,0
25,N,None,11,13.8,0,0,,0,166,0
25,N,None,12,14.4,0,0,,0,183,0
25,N,None,13,14.6,0,0,,0,201,0
25,N,None,14,15,0,0,,0,249,0
25,N,None,15,15.5,0,1,,0,264,0
26,Y,2,0,3.7,0,0,,2.2,0,0
26,Y,2,1,7.3,0,0,,4.5,0,0
26,Y,2,2,9.3,0,0,,6.3,0,0
26,Y,2,3,11,0,0,,7.3,0,0
26,Y,2,4,11.6,20,0,,8,0,20
26,Y,2,5,11.9,291,0,,8.8,0,311
26,Y,2,6,12.2,319,0,,9.4,0,630
26,Y,2,7,12,1464,0,,10.2,0,2094
26,Y,2,8,12.2,271,0,,11,0,2365
26,Y,2,9,12.3,198,0,,11.3,0,2563
26,Y,2,10,12.2,205,0,,11.8,0,2768
26,Y,2,11,12.1,115,0,,12.2,0,2883
26,Y,2,12,12,489,0,,12.7,0,3372
26,Y,2,13,12.1,167,0,,13.1,0,3539
26,Y,2,14,12.5,213,0,,13.5,4,3752
26,Y,2,15,12.5,416,1,,14,10,4168
27,Y,2,0,4.3,0,0,2.5,0,0,0
27,Y,2,1,7.2,0,0,5.6,0,0,0
27,Y,2,2,9,0,0,6.6,0,0,0
27,Y,2,3,10.1,0,0,7.6,0,0,0
27,Y,2,4,10.3,5,0,8.3,0,0,5
27,Y,2,5,10.6,635,0,9.5,0,0,640
27,Y,2,6,10.6,510,0,9.9,0,19,1150
27,Y,2,7,10.8,389,0,10.5,0,61,1539
27,Y,2,8,10.5,219,0,11.2,0,95,1758
27,Y,2,9,10.8,222,0,11.5,0,143,1980
27,Y,2,10,10.9,229,1,12.1,0,179,2209
27,Y,2,11,10.9,,,12.6,0,205,
27,Y,2,12,,,,,,,
27,Y,2,13,,,,,,,
27,Y,2,14,,,,,,,
27,Y,2,15,,,,,,,
28,Y,2,0,4.5,0,0,2.2,0,0,0
28,Y,2,1,7.7,0,0,4.5,0,0,0
28,Y,2,2,9.8,0,0,5.7,0,0,0
28,Y,2,3,10.5,0,0,7.3,0,0,0
28,Y,2,4,11.4,0,0,7.9,0,0,0
28,Y,2,5,11.7,236,0,8.9,0,0,236
28,Y,2,6,11.8,482,0,9.5,0,0,718
28,Y,2,7,12.1,600,0,9.9,0,0,1318
28,Y,2,8,12.2,687,0,10.5,0,3,2005
28,Y,2,9,12.4,1357,0,10.8,0,16,3362
28,Y,2,10,12.6,115,0,11.6,0,16,3477
28,Y,2,11,12.5,243,0,12.1,0,22,3720
28,Y,2,12,12.6,31,1,12.8,0,22,3751
28,Y,2,13,,,,,,,
28,Y,2,14,,,,,,,
28,Y,2,15,,,,,,,
29,Y,2,0,4.4,0,0,2.4,0,0,0
29,Y,2,1,6.7,0,0,5,0,0,0
29,Y,2,2,9.1,0,0,6.4,0,0,0
29,Y,2,3,10,0,0,7.4,0,0,0
29,Y,2,4,10.5,16,0,8,0,0,16
29,Y,2,5,10.6,267,0,8.6,0,27,283
29,Y,2,6,10.9,128,0,9.2,0,27,411
29,Y,2,7,11.2,694,0,9.8,0,27,1105
29,Y,2,8,11.3,340,0,10.5,0,44,1445
29,Y,2,9,11.2,687,0,10.8,0,63,2132
29,Y,2,10,11.3,621,0,11.2,0,85,2753
29,Y,2,11,11.3,267,0,11.5,0,95,3020
29,Y,2,12,11.3,149,1,11.9,0,111,3169
29,Y,2,13,11.3,,,12.4,0,115,
29,Y,2,14,,,,,,,
29,Y,2,15,,,,,,,
30,Y,2,0,3.6,0,0,2.5,0,0,0
30,Y,2,1,6.1,0,0,5.7,0,0,0
30,Y,2,2,9.2,0,0,7.2,0,0,0
30,Y,2,3,10.3,0,0,8.2,0,0,0
30,Y,2,4,10.3,27,0,8.7,0,0,27
30,Y,2,5,10.3,246,0,9.7,0,0,273
30,Y,2,6,10.3,232,0,10.5,0,0,505
30,Y,2,7,10.4,132,0,11.4,0,0,637
30,Y,2,8,10.2,34,1,12.1,0,64,671
30,Y,2,9,,,,,,,
30,Y,2,10,,,,,,,
30,Y,2,11,,,,,,,
30,Y,2,12,,,,,,,
30,Y,2,13,,,,,,,
30,Y,2,14,,,,,,,
30,Y,2,15,,,,,,,
31,Y,2,0,3.9,0,0,2.5,0,0,0
31,Y,2,1,7.1,0,0,5,0,0,0
31,Y,2,2,9.4,0,0,6.5,0,0,0
31,Y,2,3,10.5,0,0,7.5,0,0,0
31,Y,2,4,11,3,0,8.4,0,0,3
31,Y,2,5,11.1,281,0,9.5,0,0,284
31,Y,2,6,11.1,128,0,11,0,0,412
31,Y,2,7,11,878,0,11.4,0,0,1290
31,Y,2,8,11,271,1,12.2,0,0,1561
31,Y,2,9,11,,,13,0,0,
31,Y,2,10,,,,,,,
31,Y,2,11,,,,,,,
31,Y,2,12,,,,,,,
31,Y,2,13,,,,,,,
31,Y,2,14,,,,,,,
31,Y,2,15,,,,,,,
32,Y,2,0,4.4,0,0,2.4,0,0,0
32,Y,2,1,6.5,0,0,5.2,0,0,0
32,Y,2,2,8.9,0,0,6.8,0,0,0
32,Y,2,3,10.2,0,0,8.3,0,0,0
32,Y,2,4,10.4,9,0,8.8,0,0,9
32,Y,2,5,10.7,243,0,10.3,0,0,252
32,Y,2,6,10.6,642,0,11,0,0,894
32,Y,2,7,10.7,375,0,11.6,0,0,1269
32,Y,2,8,10.7,538,0,12.3,0,0,1807
32,Y,2,9,10.6,291,1,12.6,0,0,2098
32,Y,2,10,,,,,,,
32,Y,2,11,,,,,,,
32,Y,2,12,,,,,,,
32,Y,2,13,,,,,,,
32,Y,2,14,,,,,,,
32,Y,2,15,,,,,,,
33,Y,2,0,3.8,0,0,2.3,0,0,0
33,Y,2,1,6.8,0,0,5,0,0,0
33,Y,2,2,9.3,0,0,6.8,0,0,0
33,Y,2,3,10.8,0,0,7.7,0,0,0
33,Y,2,4,11.3,0,0,8.5,0,0,0
33,Y,2,5,11.5,371,0,9.3,0,0,371
33,Y,2,6,11.6,545,0,9.7,0,0,916
33,Y,2,7,11.9,215,0,10.2,0,5,1131
33,Y,2,8,11.8,514,0,11.1,0,5,1645
33,Y,2,9,12.1,760,0,11.4,0,12,2405
33,Y,2,10,12,285,0,12.2,0,14,2690
33,Y,2,11,12,423,0,12.3,0,14,3113
33,Y,2,12,12,250,1,12.9,0,23,3363
33,Y,2,13,,,,,,,
33,Y,2,14,,,,,,,
33,Y,2,15,,,,,,,
34,Y,2,0,3.8,0,0,2.1,0,0,0
34,Y,2,1,6.8,0,0,4.3,0,0,0
34,Y,2,2,9.8,0,0,5.5,0,0,0
34,Y,2,3,11.6,0,0,6.4,0,0,0
34,Y,2,4,11.9,43,0,7.1,0,0,43
34,Y,2,5,11.9,753,0,8.3,0,0,796
34,Y,2,6,11.9,434,0,8.7,0,0,1230
34,Y,2,7,11.9,444,0,9.4,0,0,1674
34,Y,2,8,12.1,139,0,10.1,0,0,1813
34,Y,2,9,12.3,396,0,10.4,0,0,2209
34,Y,2,10,12.6,236,0,11.2,0,0,2445
34,Y,2,11,12.4,559,0,11.7,0,4,3004
34,Y,2,12,12.7,146,0,12.2,0,4,3150
34,Y,2,13,12.5,39,0,12.5,0,4,3189
34,Y,2,14,13,54,0,13,0,4,3243
34,Y,2,15,13,174,1,13.4,0,4,3417
35,Y,2,0,3.8,0,0,2.5,0,0,0
35,Y,2,1,7,0,0,5.3,0,0,0
35,Y,2,2,9.3,0,0,7,0,0,0
35,Y,2,3,10.8,0,0,7.9,0,0,0
35,Y,2,4,9.9,17,0,9,0,0,17
35,Y,2,5,10,212,0,9.7,0,0,229
35,Y,2,6,9.9,694,0,10.6,0,0,923
35,Y,2,7,9.9,201,0,11.3,0,0,1124
35,Y,2,8,10.3,316,1,12,0,0,1440
35,Y,2,9,10.2,,,12.5,0,0,
35,Y,2,10,,,,,,,
35,Y,2,11,,,,,,,
35,Y,2,12,,,,,,,
35,Y,2,13,,,,,,,
35,Y,2,14,,,,,,,
35,Y,2,15,,,,,,,
36,Y,2,0,3.8,0,0,2.3,0,0,0
36,Y,2,1,5.9,0,0,5.3,0,0,0
36,Y,2,2,6.7,0,0,8.3,0,0,0
36,Y,2,3,7.9,0,0,9.4,0,0,0
36,Y,2,4,7.8,4,0,10.2,0,0,4
36,Y,2,5,7.8,40,1,10.8,0,0,44
36,Y,2,6,,,,,,,
36,Y,2,7,,,,,,,
36,Y,2,8,,,,,,,
36,Y,2,9,,,,,,,
36,Y,2,10,,,,,,,
36,Y,2,11,,,,,,,
36,Y,2,12,,,,,,,
36,Y,2,13,,,,,,,
36,Y,2,14,,,,,,,
36,Y,2,15,,,,,,,
38,Y,2,0,3.6,0,0,2.3,0,0,0
38,Y,2,1,6.5,0,0,5.1,0,0,0
38,Y,2,2,8.7,0,0,6.8,0,0,0
38,Y,2,3,10,0,0,8.4,0,0,0
38,Y,2,4,10.1,191,0,8.8,0,0,191
38,Y,2,5,10.2,1107,0,9.7,0,0,1298
38,Y,2,6,10.1,1076,0,10.6,0,0,2374
38,Y,2,7,10.2,559,0,11,0,0,2933
38,Y,2,8,10.1,302,1,11.7,0,0,3235
38,Y,2,9,,,,,,,
38,Y,2,10,,,,,,,
38,Y,2,11,,,,,,,
38,Y,2,12,,,,,,,
38,Y,2,13,,,,,,,
38,Y,2,14,,,,,,,
38,Y,2,15,,,,,,,
39,Y,2,0,4.3,0,0,2.4,0,0,0
39,Y,2,1,7.9,0,0,4.9,0,0,0
39,Y,2,2,10,0,0,6.8,0,0,0
39,Y,2,3,10.8,0,0,7.5,0,0,0
39,Y,2,4,11.2,14,0,8.3,0,0,14
39,Y,2,5,11.2,427,0,9.7,0,0,441
39,Y,2,6,11.3,128,0,10.5,0,0,569
39,Y,2,7,11.4,108,0,11.2,0,0,677
39,Y,2,8,11.7,156,0,11.8,0,0,833
39,Y,2,9,11.8,111,0,12,0,30,944
39,Y,2,10,11.8,160,1,12.4,0,30,1104
39,Y,2,11,11.8,,,13,0,73,
39,Y,2,12,,,,,,,
39,Y,2,13,,,,,,,
39,Y,2,14,,,,,,,
39,Y,2,15,,,,,,,
40,Y,2,0,4.5,0,0,1.9,0,0,0
40,Y,2,1,7.4,0,0,3.7,0,0,0
40,Y,2,2,9.5,0,0,4.9,0,0,0
40,Y,2,3,11.2,0,0,5.9,0,0,0
40,Y,2,4,11.5,23,0,6.4,0,0,23
40,Y,2,5,11.5,281,0,7.7,0,0,304
40,Y,2,6,11.6,278,0,8.3,0,7,582
40,Y,2,7,11.9,482,0,9,0,22,1064
40,Y,2,8,11.6,406,0,9.6,0,22,1470
40,Y,2,9,11.6,215,1,10.2,0,27,1685
40,Y,2,10,,,,,,,
40,Y,2,11,,,,,,,
40,Y,2,12,,,,,,,
40,Y,2,13,,,,,,,
40,Y,2,14,,,,,,,
40,Y,2,15,,,,,,,
41,Y,2,0,4.5,0,0,2.4,0,0,0
41,Y,2,1,7.5,0,0,5,0,0,0
41,Y,2,2,9.3,0,0,6.4,0,0,0
41,Y,2,3,10.2,0,0,7.4,0,0,0
41,Y,2,4,10.2,24,0,8.5,0,0,24
41,Y,2,5,10.3,135,0,9.6,0,24,159
41,Y,2,6,10.2,180,0,10.5,0,24,339
41,Y,2,7,10.3,187,1,11.4,0,24,526
41,Y,2,8,10.2,,,12,0,24,
41,Y,2,9,,,,,,,
41,Y,2,10,,,,,,,
41,Y,2,11,,,,,,,
41,Y,2,12,,,,,,,
41,Y,2,13,,,,,,,
41,Y,2,14,,,,,,,
41,Y,2,15,,,,,,,
42,Y,2,0,4.5,0,0,2.5,0,0,0
42,Y,2,1,7.4,0,0,4.9,0,0,0
42,Y,2,2,9.5,0,0,6.2,0,0,0
42,Y,2,3,10.5,0,0,7.2,0,0,0
42,Y,2,4,11.4,3,0,7.7,0,0,3
42,Y,2,5,11.7,87,0,8.2,0,21,90
42,Y,2,6,12,121,0,8.5,0,21,211
42,Y,2,7,12.1,871,0,9.1,0,35,1082
42,Y,2,8,12.1,219,0,9.5,0,35,1301
42,Y,2,9,12.4,340,0,10.1,0,52,1641
42,Y,2,10,12.7,153,0,10.4,0,66,1794
42,Y,2,11,12.8,312,0,10.7,0,81,2106
42,Y,2,12,13.2,593,0,11.3,0,81,2699
42,Y,2,13,13,642,0,12.1,0,97,3341
42,Y,2,14,13,302,0,12.5,0,97,3643
42,Y,2,15,13,111,1,13,0,97,3754
43,Y,2,0,4.4,0,0,2.3,0,0,0
43,Y,2,1,7.4,0,0,4.3,0,0,0
43,Y,2,2,10.1,0,0,5.7,0,0,0
43,Y,2,3,11,0,0,7.3,0,0,0
43,Y,2,4,11.1,28,0,8,0,0,28
43,Y,2,5,11.1,420,0,9.5,0,0,448
43,Y,2,6,11.2,160,0,10.4,0,0,608
43,Y,2,7,11.2,514,0,11.3,0,0,1122
43,Y,2,8,11.1,437,0,11.9,0,4,1559
43,Y,2,9,11,146,0,12.3,0,4,1705
43,Y,2,10,11.1,295,0,12.9,0,11,2000
43,Y,2,11,11.3,194,0,13.1,0,13,2194
43,Y,2,12,11.4,73,0,13.5,0,14,2267
43,Y,2,13,11.5,156,0,13.7,0,18,2423
43,Y,2,14,11.6,142,0,14.1,0,24,2565
43,Y,2,15,11.8,104,1,14.5,0,50,2669
44,Y,2,0,4.5,0,0,2.3,0,0,0
44,Y,2,1,7.6,0,0,4.5,0,0,0
44,Y,2,2,9.5,0,0,5.8,0,0,0
44,Y,2,3,10.8,0,0,6.7,0,0,0
44,Y,2,4,11.6,0,0,7.4,0,0,0
44,Y,2,5,11.9,243,0,8.3,0,0,243
44,Y,2,6,11.8,475,0,8.9,0,0,718
44,Y,2,7,11.7,632,0,9.7,0,0,1350
44,Y,2,8,11.7,187,0,10.5,0,0,1537
44,Y,2,9,11.9,73,0,11.2,0,0,1610
44,Y,2,10,12,239,0,11.8,0,0,1849
44,Y,2,11,11.8,222,0,12.1,0,8,2071
44,Y,2,12,11.8,80,1,12.7,0,14,2151
44,Y,2,13,,,,,,,
44,Y,2,14,,,,,,,
44,Y,2,15,,,,,,,
45,Y,2,0,3.8,0,0,2.2,0,0,0
45,Y,2,1,6.7,0,0,4.9,0,0,0
45,Y,2,2,8.7,0,0,6.4,0,0,0
45,Y,2,3,9.6,0,0,7.5,0,0,0
45,Y,2,4,10,11,0,8,0,0,11
45,Y,2,5,10,208,0,9,0,0,219
45,Y,2,6,10.1,128,0,9.6,0,0,347
45,Y,2,7,10.2,611,0,10.2,0,0,958
45,Y,2,8,10.5,73,0,10.8,0,0,1031
45,Y,2,9,10.3,163,0,11.5,0,0,1194
45,Y,2,10,10.6,71,0,12,0,6,1265
45,Y,2,11,10.5,180,1,12.5,0,6,1445
45,Y,2,12,10.5,,,13,0,6,
45,Y,2,13,,,,,,,
45,Y,2,14,,,,,,,
45,Y,2,15,,,,,,,
46,N,2,0,3.5,0,0,2.3,0,0,0
46,N,2,1,6.3,0,0,5.8,0,0,0
46,N,2,2,8.2,0,0,7.7,0,0,0
46,N,2,3,8.6,0,0,8.6,0,0,0
46,N,2,4,8.9,0,0,9.3,0,0,0
46,N,2,5,9.2,0,0,9.7,0,22,0
46,N,2,6,9.4,0,0,10.3,0,22,0
46,N,2,7,9.5,0,0,10.7,0,22,0
46,N,2,8,9.8,0,0,11.2,0,24,0
46,N,2,9,10,0,0,11.4,0,43,0
46,N,2,10,10.2,0,0,11.8,0,43,0
46,N,2,11,10.2,0,0,12.3,0,104,0
46,N,2,12,10.5,0,0,12.8,0,125,0
46,N,2,13,10.5,0,0,12.9,0,145,0
46,N,2,14,10.7,0,0,13.2,0,177,0
46,N,2,15,10.7,0,1,13.3,0,216,0
47,N,2,0,3.8,0,0,2.2,0,0,0
47,N,2,1,6.3,0,0,4.8,0,0,0
47,N,2,2,8.1,0,0,6.3,0,0,0
47,N,2,3,9,0,0,7.4,0,0,0
47,N,2,4,9.5,0,0,8.1,0,0,0
47,N,2,5,10.1,0,0,8.8,0,0,0
47,N,2,6,10.4,0,0,9.3,0,16,0
47,N,2,7,10.8,0,0,10,0,16,0
47,N,2,8,11.3,0,0,10.7,0,16,0
47,N,2,9,11.5,0,0,11,0,16,0
47,N,2,10,11.7,0,0,11.6,0,16,0
47,N,2,11,11.9,0,0,11.8,0,35,0
47,N,2,12,12.2,0,0,12.3,0,59,0
47,N,2,13,12.3,0,0,12.5,0,59,0
47,N,2,14,12.4,0,0,12.7,0,75,0
47,N,2,15,12.8,0,1,13,0,75,0
48,N,2,0,4.4,0,0,2.3,0,0,0
48,N,2,1,6.9,0,0,4.9,0,0,0
48,N,2,2,8.9,0,0,6,0,0,0
48,N,2,3,9.6,0,0,6.7,0,0,0
48,N,2,4,10.5,0,0,8.2,0,0,0
48,N,2,5,11.1,0,0,8.6,0,17,0
48,N,2,6,11.5,0,0,9.2,0,82,0
48,N,2,7,11.5,0,0,97,0,166,0
48,N,2,8,12,0,0,10.5,0,187,0
48,N,2,9,12.1,0,0,10.9,0,200,0
48,N,2,10,12.4,0,0,10.9,0,246,0
48,N,2,11,12.4,0,0,11.1,0,271,0
48,N,2,12,12.7,0,0,11.9,0,312,0
48,N,2,13,12.8,0,0,12.2,0,396,0
48,N,2,14,13,0,0,12.2,0,444,0
48,N,2,15,13.3,0,1,12.6,0,510,0
49,N,2,0,4.4,0,0,2.5,0,0,0
49,N,2,1,7.1,0,0,4.9,0,0,0
49,N,2,2,9,0,0,6.8,0,0,0
49,N,2,3,9.7,0,0,7.3,0,0,0
49,N,2,4,9.9,0,0,8.3,0,0,0
49,N,2,5,10.2,0,0,8.4,0,0,0
49,N,2,6,10.5,0,0,8.8,0,42,0
49,N,2,7,10.7,0,0,9.3,0,86,0
49,N,2,8,11.2,0,0,9.7,0,107,0
49,N,2,9,11.2,0,0,9.9,0,130,0
49,N,2,10,11.6,0,0,10.3,0,151,0
49,N,2,11,11.6,0,0,10.6,0,175,0
49,N,2,12,11.9,0,0,10.9,0,194,0
49,N,2,13,12,0,0,11.3,0,229,0
49,N,2,14,12.3,0,0,11.4,0,279,0
49,N,2,15,12.5,0,1,11.6,0,350,0
50,N,2,0,3.6,0,0,2,0,0,0
50,N,2,1,6.7,0,0,4.6,0,0,0
50,N,2,2,9,0,0,6.4,0,0,0
50,N,2,3,9.6,0,0,7.5,0,0,0
50,N,2,4,10.2,0,0,8.1,0,0,0
50,N,2,5,10.6,0,0,9,0,16,0
50,N,2,6,10.9,0,0,9.6,0,30,0
50,N,2,7,11,0,0,10.1,0,52,0
50,N,2,8,11.3,0,0,10.5,0,86,0
50,N,2,9,11.4,0,0,11,0,133,0
50,N,2,10,11.9,0,0,11.5,0,184,0
50,N,2,11,12,0,0,11.7,0,233,0
50,N,2,12,12.2,0,0,12.1,0,295,0
50,N,2,13,12.6,0,0,12.5,0,353,0
50,N,2,14,12.7,0,0,12.8,0,396,0
50,N,2,15,12.7,0,1,13,0,447,0
52,Y,4,0,3.7,0,0,3.8,0,0,0
52,Y,4,1,7.3,0,0,5.7,0,0,0
52,Y,4,2,9.3,0,0,7.2,0,0,0
52,Y,4,3,10.3,0,0,8,0,0,0
52,Y,4,4,10.7,0,0,8.3,0,13,0
52,Y,4,5,11,375,0,8.9,0,13,375
52,Y,4,6,11.3,468,0,9.5,0,13,843
52,Y,4,7,11.3,1124,0,9.8,0,13,1967
52,Y,4,8,11.3,239,0,10.2,0,13,2206
52,Y,4,9,11.2,177,0,10.5,0,13,2383
52,Y,4,10,11.4,285,0,11.1,0,13,2668
52,Y,4,11,11.2,337,0,11.3,0,34,3005
52,Y,4,12,11.5,191,0,11.8,0,69,3196
52,Y,4,13,11.6,68,0,12,0,121,3264
52,Y,4,14,11.6,763,0,12.4,0,151,4027
52,Y,4,15,11.8,115,1,12.5,0,179,4142
53,Y,4,0,3.6,0,0,3.4,0,0,0
53,Y,4,1,7,0,0,5.8,0,0,0
53,Y,4,2,9.1,0,0,7.5,0,0,0
53,Y,4,3,10.2,0,0,8.4,0,0,0
53,Y,4,4,10.8,56,0,8.9,0,0,56
53,Y,4,5,10.9,1051,0,9.7,0,0,1107
53,Y,4,6,10.9,1034,0,10.2,0,0,2141
53,Y,4,7,11,455,0,10.6,0,0,2596
53,Y,4,8,11,1121,0,11.3,0,15,3717
53,Y,4,9,11.2,514,0,11.9,0,37,4231
53,Y,4,10,11.1,739,0,12.4,0,90,4970
53,Y,4,11,10.8,1364,1,12.8,0,180,6334
53,Y,4,12,,,,,,,
53,Y,4,13,,,,,,,
53,Y,4,14,,,,,,,
53,Y,4,15,,,,,,,
55,Y,4,0,4,0,0,4.4,0,0,0
55,Y,4,1,6,0,0,6.6,0,0,0
55,Y,4,2,8.8,0,0,8.3,0,0,0
55,Y,4,3,10,0,0,9.3,0,0,0
55,Y,4,4,10,2,0,9.9,0,0,2
55,Y,4,5,10.1,278,0,10.4,0,0,280
55,Y,4,6,10,288,0,10.7,0,13,568
55,Y,4,7,10.5,420,0,11,0,66,988
55,Y,4,8,10.3,236,0,11.4,0,126,1224
55,Y,4,9,10.3,229,1,12.1,0,146,1453
55,Y,4,10,,,,,,,
55,Y,4,11,,,,,,,
55,Y,4,12,,,,,,,
55,Y,4,13,,,,,,,
55,Y,4,14,,,,,,,
55,Y,4,15,,,,,,,
56,Y,4,0,3.6,0,0,4.4,0,0,0
56,Y,4,1,6.5,0,0,6.3,0,0,0
56,Y,4,2,8.4,0,0,7.5,0,0,0
56,Y,4,3,9.6,0,0,8.3,0,0,0
56,Y,4,4,10.5,0,0,8.6,0,0,0
56,Y,4,5,10.5,420,0,9.3,0,0,420
56,Y,4,6,10.9,305,0,9.8,0,0,725
56,Y,4,7,11.1,90,0,10.3,0,0,815
56,Y,4,8,11.3,434,0,10.7,0,12,1249
56,Y,4,9,11.4,191,0,10.9,0,12,1440
56,Y,4,10,11.7,687,0,11.2,0,12,2127
56,Y,4,11,11.5,316,0,11.5,0,12,2443
56,Y,4,12,11.8,198,0,11.9,0,17,2641
56,Y,4,13,11.8,180,0,12.1,0,27,2821
56,Y,4,14,11.9,1090,0,12.4,0,50,3911
56,Y,4,15,12.1,260,1,12.8,0,76,4171
58,Y,4,0,3.6,0,0,3.8,0,0,0
58,Y,4,1,6.9,0,0,5.8,0,0,0
58,Y,4,2,9.2,0,0,7.2,0,0,0
58,Y,4,3,10.2,0,0,8.2,0,0,0
58,Y,4,4,10.7,115,0,8.8,0,0,115
58,Y,4,5,10.8,323,0,9.6,0,0,438
58,Y,4,6,10.8,406,0,10.4,0,0,844
58,Y,4,7,11.1,201,0,10.8,0,0,1045
58,Y,4,8,10.7,194,1,11.8,0,2,1239
58,Y,4,9,10.8,,,12.4,0,2,
58,Y,4,10,,,,,,,
58,Y,4,12,,,,,,,
58,Y,4,13,,,,,,,
58,Y,4,14,,,,,,,
58,Y,4,15,,,,,,,
60,Y,4,0,4.1,0,0,4,0,0,0
60,Y,4,1,7.6,0,0,4.3,0,0,0
60,Y,4,2,10.2,0,0,4.5,0,0,0
60,Y,4,3,12.5,0,0,4.6,0,0,0
60,Y,4,4,12.9,5,0,4.8,1,0,5
60,Y,4,5,13.2,985,0,6.1,0,0,990
60,Y,4,6,13,732,0,7.1,0,0,1722
60,Y,4,7,13,295,0,8.2,0,0,2017
60,Y,4,8,13.3,704,0,9.1,0,0,2721
60,Y,4,9,13.4,874,0,9.6,0,0,3595
60,Y,4,10,13.4,222,0,10.3,0,0,3817
60,Y,4,11,13,291,0,10.6,0,0,4108
60,Y,4,12,13.6,344,0,11.3,0,0,4452
60,Y,4,13,13.3,319,0,11.6,0,6,4771
60,Y,4,14,13.4,298,1,12.2,0,9,5069
60,Y,4,15,,,,,,,
61,Y,4,0,4,0,0,4.5,0,0,0
61,Y,4,1,6.3,0,0,7,0,0,0
61,Y,4,2,8.2,0,0,8.6,0,0,0
61,Y,4,3,9.3,0,0,9.5,0,0,0
61,Y,4,4,9.6,1,0,10.2,0,0,1
61,Y,4,5,9.8,291,0,10.7,0,0,292
61,Y,4,6,9.7,222,0,11.4,0,0,514
61,Y,4,7,10.3,90,0,12,0,0,604
61,Y,4,8,10,83,0,12.5,0,0,687
61,Y,4,9,10.2,94,0,12.8,0,0,781
61,Y,4,10,10.2,194,0,13.4,0,0,975
61,Y,4,11,10.3,153,0,13.6,0,0,1128
61,Y,4,12,10.2,94,0,14.2,0,0,1222
61,Y,4,13,10.2,38,0,14.7,0,0,1260
61,Y,4,14,10.2,15,1,15.2,0,0,1275
61,Y,4,15,,,,,,,
62,Y,4,0,4,0,0,3.8,0,0,0
62,Y,4,1,6.8,0,0,5.6,0,0,0
62,Y,4,2,9.3,0,0,7,0,0,0
62,Y,4,3,10.9,0,0,7.8,0,0,0
62,Y,4,4,10.9,12,0,8.4,0,0,12
62,Y,4,5,11.1,482,0,9.3,0,0,494
62,Y,4,6,10.9,396,0,10,0,0,890
62,Y,4,7,11,774,0,10.7,0,0,1664
62,Y,4,8,10.9,81,0,11.2,0,0,1745
62,Y,4,9,11.2,139,0,11.7,0,15,1884
62,Y,4,10,11.3,170,0,12.1,0,59,2054
62,Y,4,11,11,101,0,12.2,0,81,2155
62,Y,4,12,11.3,34,0,12.7,0,92,2189
62,Y,4,13,11.1,66,0,12.9,0,148,2255
62,Y,4,14,11.2,132,1,13.2,0,227,2387
62,Y,4,15,,,,,,,
67,Y,4,0,3.8,0,0,4.2,0,0,0
67,Y,4,1,7,0,0,6.4,0,0,0
67,Y,4,2,9,0,0,7.7,0,0,0
67,Y,4,3,10.4,0,0,8.3,0,0,0
67,Y,4,4,11,12,0,8.4,0,0,12
67,Y,4,5,11.1,347,0,8.8,0,0,359
67,Y,4,6,11.3,809,0,9.2,0,0,1168
67,Y,4,7,11.6,833,0,9.4,0,0,2001
67,Y,4,8,11.8,500,0,9.9,0,0,2501
67,Y,4,9,11.8,385,0,10.2,0,0,2886
67,Y,4,10,12,430,0,10.3,0,0,3316
67,Y,4,11,11.8,246,0,10.7,0,0,3562
67,Y,4,12,12,125,0,11.2,0,9,3687
67,Y,4,13,12.1,937,0,11.4,0,31,4624
67,Y,4,14,12.4,139,0,11.6,0,52,4763
67,Y,4,15,12.4,167,1,11.7,0,54,4930
68,Y,4,0,3.6,0,0,4.5,0,0,0
68,Y,4,1,6.2,0,0,7.1,0,0,0
68,Y,4,2,8.3,0,0,8.5,0,0,0
68,Y,4,3,9.2,0,0,9.4,0,0,0
68,Y,4,4,9.4,24,0,9.8,0,0,24
68,Y,4,5,9.6,212,0,10.4,0,0,236
68,Y,4,6,9.7,254,0,10.9,0,0,490
68,Y,4,7,9.7,312,0,11.3,0,0,802
68,Y,4,8,10,649,0,11.9,0,26,1451
68,Y,4,9,10.2,226,0,12.2,0,26,1677
68,Y,4,10,10.3,142,0,12.7,0,26,1819
68,Y,4,11,10.6,378,0,13,0,44,2197
68,Y,4,12,10.6,132,1,13.4,0,63,2329
68,Y,4,13,10.6,,,13.8,0,137,
68,Y,4,14,,,,,,,
68,Y,4,15,,,,,,,
69,Y,4,0,3.8,0,0,4,0,0,0
69,Y,4,1,7,0,0,6.3,0,0,0
69,Y,4,2,9.8,0,0,8.3,0,0,0
69,Y,4,3,10.9,0,0,9.1,0,0,0
69,Y,4,4,11,23,0,9.7,0,0,23
69,Y,4,5,11.3,167,0,10.2,0,0,190
69,Y,4,6,11.2,160,0,10.6,0,0,350
69,Y,4,7,11.3,486,0,11.2,0,0,836
69,Y,4,8,11.3,253,0,12.2,0,3,1089
69,Y,4,9,11.3,579,0,12.3,0,3,1668
69,Y,4,10,11.6,108,0,12.9,0,3,1776
69,Y,4,11,11.7,333,0,13.1,0,8,2109
69,Y,4,12,11.6,108,0,13.7,0,8,2217
69,Y,4,13,11.8,72,0,14,0,8,2289
69,Y,4,14,11.7,239,0,14.4,0,8,2528
69,Y,4,15,11.7,239,1,14.5,0,10,2767
70,Y,4,0,4.5,0,0,3.9,0,0,0
70,Y,4,1,7.4,0,0,6.4,0,0,0
70,Y,4,2,9.3,0,0,7.9,0,0,0
70,Y,4,3,10.5,0,0,8.7,0,0,0
70,Y,4,4,10.8,0,0,9.3,0,0,0
70,Y,4,5,10.8,208,0,10,0,0,208
70,Y,4,6,10.8,115,0,10.5,0,0,323
70,Y,4,7,11.1,135,0,10.7,0,0,458
70,Y,4,8,11.8,451,0,10.5,0,0,909
70,Y,4,9,11.8,271,0,10.6,0,0,1180
70,Y,4,10,12.5,305,0,10.6,0,0,1485
70,Y,4,11,12.3,760,0,10.9,0,0,2245
70,Y,4,12,12.6,156,0,11.6,0,0,2401
70,Y,4,13,12.5,94,1,12,0,29,2495
70,Y,4,14,,,,,,,
70,Y,4,15,,,,,,,
71,N,4,0,4.1,0,0,4.5,0,0,0
71,N,4,1,6.8,0,0,6.9,0,0,0
71,N,4,2,8.8,0,0,8.3,0,0,0
71,N,4,3,9.5,0,0,9,0,0,0
71,N,4,4,10.1,0,0,9.4,0,16,0
71,N,4,5,10.4,0,0,9.9,0,42,0
71,N,4,6,10.9,0,0,10.4,0,60,0
71,N,4,7,11.6,0,0,10.5,0,104,0
71,N,4,8,12.1,0,0,10.7,0,104,0
71,N,4,9,12.4,0,0,10.9,0,104,0
71,N,4,10,12.7,0,0,11.1,0,121,0
71,N,4,11,13.1,0,0,11.1,0,121,0
71,N,4,12,13.4,0,0,11.9,0,194,0
71,N,4,13,13.7,0,0,11.8,0,194,0
71,N,4,14,14.1,0,0,12.1,0,277,0
71,N,4,15,14.1,0,1,12.2,0,362,0
72,N,4,0,3.8,0,0,3.8,0,0,0
72,N,4,1,6.8,0,0,4.3,0,0,0
72,N,4,2,9.3,0,0,4.4,0,0,0
72,N,4,3,10.8,0,0,4.5,0,0,0
72,N,4,4,11.6,0,0,4.2,1,0,0
72,N,4,5,12.1,0,0,5.4,0,0,0
72,N,4,6,12.2,0,0,6.3,0,0,0
72,N,4,7,12.3,0,0,7.2,0,0,0
72,N,4,8,12.7,0,0,8.3,0,0,0
72,N,4,9,12.8,0,0,8.5,0,0,0
72,N,4,10,13.3,0,0,9,0,0,0
72,N,4,11,13.2,0,0,9.5,0,0,0
72,N,4,12,13.5,0,0,10,0,0,0
72,N,4,13,13.8,0,0,10.4,0,0,0
72,N,4,14,13.9,0,0,10.6,0,20,0
72,N,4,15,14.3,0,1,11,0,61,0
73,N,4,0,3.5,0,0,3.8,0,0,0
73,N,4,1,6.9,0,0,4.3,1,0,0
73,N,4,2,9.9,0,0,4.8,0,0,0
73,N,4,3,10.8,0,0,6.3,0,0,0
73,N,4,4,11.5,0,0,6.8,0,0,0
73,N,4,5,11.8,0,0,7.4,0,0,0
73,N,4,6,11.9,0,0,7.9,0,0,0
73,N,4,7,12.2,0,0,8.6,0,0,0
73,N,4,8,12.7,0,0,9,0,7,0
73,N,4,9,12.7,0,0,9.4,0,19,0
73,N,4,10,12.9,0,0,9.8,0,28,0
73,N,4,11,12.9,0,0,10.2,0,71,0
73,N,4,12,13.2,0,0,10.5,0,94,0
73,N,4,13,13.4,0,0,11.2,0,104,0
73,N,4,14,13.4,0,0,11.3,0,154,0
73,N,4,15,13.9,0,1,11.6,0,260,0
74,N,4,0,4.4,0,0,3.7,0,0,0
74,N,4,1,7.1,0,0,6.3,0,0,0
74,N,4,2,8.5,0,0,7.9,0,0,0
74,N,4,3,9.2,0,0,8.8,0,0,0
74,N,4,4,9.8,0,0,9.3,0,11,0
74,N,4,5,10.2,0,0,9.5,0,41,0
74,N,4,6,10.7,0,0,9.9,0,54,0
74,N,4,7,10.9,0,0,10.3,0,76,0
74,N,4,8,11.2,0,0,11,0,76,0
74,N,4,9,11.3,0,0,11.3,0,101,0
74,N,4,10,11.3,0,0,11.6,0,101,0
74,N,4,11,11.5,0,0,11.8,0,122,0
74,N,4,12,11.9,0,0,12.3,0,140,0
74,N,4,13,12.1,0,0,12.5,0,163,0
74,N,4,14,12.3,0,0,12.7,0,163,0
74,N,4,15,12.4,0,1,13,0,163,0
75,N,4,0,3.5,0,0,3.9,0,0,0
75,N,4,1,6.9,0,0,4.5,0,0,0
75,N,4,2,9.5,0,0,4.6,1,0,0
75,N,4,3,10.9,0,0,5.3,0,0,0
75,N,4,4,11.4,0,0,6.5,0,0,0
75,N,4,5,11.7,0,0,6.9,0,0,0
75,N,4,6,11.7,0,0,7.4,0,0,0
75,N,4,7,11.9,0,0,8,0,61,0
75,N,4,8,12.3,0,0,8.5,0,93,0
75,N,4,9,12.5,0,0,9.1,0,123,0
75,N,4,10,12.8,0,0,9.3,0,149,0
75,N,4,11,12.8,0,0,9.6,0,210,0
75,N,4,12,13.3,0,0,10,0,210,0
75,N,4,13,13.5,0,0,10.3,0,301,0
75,N,4,14,13.7,0,0,10.4,0,301,0
75,N,4,15,13.9,0,1,10.6,0,397,0
76,Y,8,0,4.3,0,0,8.3,0,0,0
76,Y,8,1,6.1,0,0,9.3,0,0,0
76,Y,8,2,7.5,0,0,10.2,0,0,0
76,Y,8,3,8.9,0,0,10.7,0,0,0
76,Y,8,4,9.5,0,0,11.5,0,10,0
76,Y,8,5,9.6,427,0,11.9,0,10,427
76,Y,8,6,9.8,250,0,12.2,0,15,677
76,Y,8,7,8.6,569,0,12.5,0,22,1246
76,Y,8,8,10.1,604,0,13,0,24,1850
76,Y,8,9,9.9,271,1,13.4,0,24,2121
76,Y,8,10,10,,,14,0,26,
76,Y,8,11,,,,,,,
76,Y,8,12,,,,,,,
76,Y,8,13,,,,,,,
76,Y,8,14,,,,,,,
76,Y,8,15,,,,,,,
77,Y,8,0,4.2,0,0,7.9,0,0,0
77,Y,8,1,6.7,0,0,9.1,0,0,0
77,Y,8,2,9,0,0,10.2,0,0,0
77,Y,8,3,10.2,0,0,10.5,0,0,0
77,Y,8,4,10.4,5,0,11,0,0,5
77,Y,8,5,10.4,368,0,11.5,0,0,373
77,Y,8,6,10.4,232,0,12,0,0,605
77,Y,8,7,10.5,84,0,12.5,0,0,689
77,Y,8,8,10.6,104,0,13,0,0,793
77,Y,8,9,10.4,153,0,13,0,0,946
77,Y,8,10,10.3,125,0,13.5,0,11,1071
77,Y,8,11,10.2,146,0,13.7,0,14,1217
77,Y,8,12,10.7,132,0,14.3,0,14,1349
77,Y,8,13,10.8,135,0,14.5,0,36,1484
77,Y,8,14,10.7,232,0,14.6,0,76,1716
77,Y,8,15,10.8,184,1,15,0,96,1900
78,Y,8,0,3.7,0,0,8.1,0,0,0
78,Y,8,1,6.8,0,0,8.2,0,0,0
78,Y,8,2,9.7,0,0,8.3,0,0,0
78,Y,8,3,11.6,0,0,8.4,0,0,0
78,Y,8,4,12.2,2,0,8.3,0,0,2
78,Y,8,5,12.4,1818,0,8,0,8,1820
78,Y,8,6,12.7,1128,0,8.8,0,8,2948
78,Y,8,7,12.9,1475,0,9.5,0,8,4423
78,Y,8,8,13,2037,0,10,0,13,6460
78,Y,8,9,12.9,916,0,10.2,0,13,7376
78,Y,8,10,13,1891,0,10.7,0,16,9267
78,Y,8,11,12.7,1676,0,11,0,29,10943
78,Y,8,12,13.3,652,0,11.4,0,45,11595
78,Y,8,13,13,302,1,11.7,0,65,11897
78,Y,8,14,13.1,,,12.2,0,68,
78,Y,8,15,,,,,,,
79,Y,8,0,4,0,0,8.5,0,0,0
79,Y,8,1,6.3,0,0,9.4,0,0,0
79,Y,8,2,8.7,0,0,9.8,0,0,0
79,Y,8,3,11.2,0,0,10,0,0,0
79,Y,8,4,12.1,4,0,10,1,0,4
79,Y,8,5,12.5,691,0,10.4,0,0,695
79,Y,8,6,12.6,462,0,10.9,0,0,1157
79,Y,8,7,12.5,482,0,11.2,0,0,1639
79,Y,8,8,12.7,368,0,11.4,0,12,2007
79,Y,8,9,12.7,125,0,12,0,17,2132
79,Y,8,10,13,576,0,12.3,0,32,2708
79,Y,8,11,12.5,701,0,12.6,0,37,3409
79,Y,8,12,12.8,264,1,13,0,37,3673
79,Y,8,13,12.7,,,13.2,0,37,
79,Y,8,14,,,,,,,
79,Y,8,15,,,,,,,
80,Y,8,0,4.2,0,0,8.5,0,0,0
80,Y,8,1,6.2,0,0,9.4,0,0,0
80,Y,8,2,7.9,0,0,10.8,0,0,0
80,Y,8,3,9,0,0,11.2,0,0,0
80,Y,8,4,9.2,6,0,11.9,0,10,6
80,Y,8,5,9.2,125,0,12.4,0,33,131
80,Y,8,6,9.2,555,0,12.6,0,61,686
80,Y,8,7,9.2,142,0,13,0,75,828
80,Y,8,8,9,20,0,13.3,0,88,848
80,Y,8,9,9.1,77,0,13.6,0,97,925
80,Y,8,10,9.2,125,0,14,0,102,1050
80,Y,8,11,9,434,1,14.3,0,119,1484
80,Y,8,12,9.2,,,14.7,0,131,
80,Y,8,13,,,,,,,
80,Y,8,14,,,,,,,
80,Y,8,15,,,,,,,
82,Y,8,0,4,0,0,8.1,0,0,0
82,Y,8,1,6.2,0,0,8.9,0,0,0
82,Y,8,2,8.5,0,0,9.8,0,0,0
82,Y,8,3,9.7,0,0,10.2,0,51,0
82,Y,8,4,10,18,0,10.6,0,70,18
82,Y,8,5,10.1,194,0,10.8,0,114,212
82,Y,8,6,10.2,392,0,11,0,156,604
82,Y,8,7,10.2,382,0,11.2,0,207,986
82,Y,8,8,10.4,149,0,11.5,0,285,1135
82,Y,8,9,10.3,219,0,11.6,0,380,1354
82,Y,8,10,10.4,111,0,11.7,0,472,1465
82,Y,8,11,10.4,64,0,11.7,0,579,1529
82,Y,8,12,10.4,7,1,11.8,0,666,1536
82,Y,8,13,,,,,,,
82,Y,8,14,,,,,,,
82,Y,8,15,,,,,,,
84,Y,8,0,3.7,0,0,7.6,0,0,0
84,Y,8,1,5.5,0,0,8.6,0,0,0
84,Y,8,2,8,0,0,10,0,0,0
84,Y,8,3,9.7,0,0,10.6,0,0,0
84,Y,8,4,10,44,0,11.1,0,0,44
84,Y,8,5,10.2,278,0,11.5,0,0,322
84,Y,8,6,10.3,479,0,11.9,0,0,801
84,Y,8,7,10.2,215,0,12.4,0,0,1016
84,Y,8,8,9.9,118,0,12.9,0,8,1134
84,Y,8,9,10.1,229,0,13.3,0,8,1363
84,Y,8,10,10.1,73,0,13.7,0,9,1436
84,Y,8,11,10,149,0,13.8,0,10,1585
84,Y,8,12,10,46,1,14.6,0,10,1631
84,Y,8,13,10.1,,,14.9,0,10,
84,Y,8,14,,,,,,,
84,Y,8,15,,,,,,,
85,Y,8,0,3.5,0,0,8.5,0,0,0
85,Y,8,1,5.5,0,0,10.1,0,0,0
85,Y,8,2,7,0,0,11.3,0,0,0
85,Y,8,3,8,0,0,11.9,0,0,0
85,Y,8,4,8.5,17,0,12.5,0,0,17
85,Y,8,5,8.7,548,0,12.9,0,15,565
85,Y,8,6,8.9,219,0,13.2,0,15,784
85,Y,8,7,9.1,205,1,13.7,0,15,989
85,Y,8,8,,,,,,,
85,Y,8,9,,,,,,,
85,Y,8,10,,,,,,,
85,Y,8,11,,,,,,,
85,Y,8,12,,,,,,,
85,Y,8,13,,,,,,,
85,Y,8,14,,,,,,,
85,Y,8,15,,,,,,,
90,Y,8,0,4.2,0,0,7.6,0,0,0
90,Y,8,1,6,0,0,8.5,0,0,0
90,Y,8,2,7.5,0,0,9.6,0,0,0
90,Y,8,3,7.8,0,0,10.8,0,0,0
90,Y,8,4,7.8,44,1,11.2,0,47,44
90,Y,8,5,7.7,,,11.7,0,47,
90,Y,8,6,,,,,,,
90,Y,8,7,,,,,,,
90,Y,8,8,,,,,,,
90,Y,8,9,,,,,,,
90,Y,8,10,,,,,,,
90,Y,8,11,,,,,,,
90,Y,8,12,,,,,,,
90,Y,8,13,,,,,,,
90,Y,8,14,,,,,,,
90,Y,8,15,,,,,,,
91,Y,8,0,4.1,0,0,7.6,0,0,0
91,Y,8,1,5.5,0,0,8.9,0,0,0
91,Y,8,2,7,0,0,10.2,0,0,0
91,Y,8,3,7.5,0,0,10.8,0,0,0
91,Y,8,4,7.8,49,0,11.2,0,58,49
91,Y,8,5,8,49,0,11.5,0,111,98
91,Y,8,6,8.2,66,0,11.7,0,143,164
91,Y,8,7,8.5,427,0,12.3,0,167,591
91,Y,8,8,8.6,201,0,12.7,0,167,792
91,Y,8,9,8.6,368,0,13,0,167,1160
91,Y,8,10,8.7,101,0,13.4,0,167,1261
91,Y,8,11,8.8,191,0,13.5,0,246,1452
91,Y,8,12,9.2,149,0,14,0,370,1601
91,Y,8,13,9.3,264,1,14.3,0,460,1865
91,Y,8,14,,,,,,,
91,Y,8,15,,,,,,,
92,Y,8,0,4,0,0,8.1,0,0,0
92,Y,8,1,5.6,0,0,9.1,0,0,0
92,Y,8,2,7.7,0,0,10.3,0,0,0
92,Y,8,3,9.2,0,0,10.7,0,0,0
92,Y,8,4,9.3,32,0,11.3,0,0,32
92,Y,8,5,9.6,368,0,12.1,0,69,400
92,Y,8,6,9.6,267,0,12.8,0,69,667
92,Y,8,7,9.6,472,0,13,0,69,1139
92,Y,8,8,9.6,160,0,13.8,0,69,1299
92,Y,8,9,9.7,31,0,13.8,0,69,1330
92,Y,8,10,9.7,12,0,14.2,0,69,1342
92,Y,8,11,9.4,108,0,14.6,0,69,1450
92,Y,8,12,9.4,32,1,15.2,0,69,1482
92,Y,8,13,,0,0,,0,,
92,Y,8,14,,0,0,,0,,
92,Y,8,15,,0,0,,0,,
94,Y,8,0,4.3,0,0,7.8,0,0,0
94,Y,8,1,6.5,0,0,8.7,0,0,0
94,Y,8,2,8.3,0,0,9.6,0,0,0
94,Y,8,3,9.5,0,0,10.3,0,0,0
94,Y,8,4,9.7,0,0,10.8,0,0,0
94,Y,8,5,10.2,125,0,11.1,0,23,125
94,Y,8,6,10.4,205,0,11.2,0,42,330
94,Y,8,7,10.9,309,0,11.6,0,89,639
94,Y,8,8,10.8,361,0,11.8,0,130,1000
94,Y,8,9,10.8,160,0,11.8,0,184,1160
94,Y,8,10,10.9,323,0,12.3,0,277,1483
94,Y,8,11,11,239,0,12.2,0,343,1722
94,Y,8,12,11.2,246,0,12.3,0,373,1968
94,Y,8,13,11.3,659,0,12.8,0,389,2627
94,Y,8,14,11.6,337,0,13.2,0,407,2964
94,Y,8,15,11.7,146,1,13.8,0,413,3110
95,Y,8,0,4.2,0,0,8.5,0,0,0
95,Y,8,1,5.3,0,0,9.6,0,0,0
95,Y,8,2,6.2,0,0,10.9,0,0,0
95,Y,8,3,7.3,0,0,11.6,0,22,0
95,Y,8,4,7.9,0,0,12.2,0,46,0
95,Y,8,5,8.3,239,0,12.6,0,79,239
95,Y,8,6,8.3,149,0,12.8,0,138,388
95,Y,8,7,8.4,132,0,12.9,0,250,520
95,Y,8,8,8.4,41,0,13.2,0,304,561
95,Y,8,9,8.4,50,0,13.4,0,383,611
95,Y,8,10,8.4,316,0,13.8,0,481,927
95,Y,8,11,8.5,76,0,14.1,0,571,1003
95,Y,8,12,8.6,257,1,14.6,0,652,1260
95,Y,8,13,8.7,0,0,14.7,0,718,1260
95,Y,8,14,,,,,,,
95,Y,8,15,,,,,,,
96,N,8,0,3.9,0,0,8.2,0,0,0
96,N,8,1,4.2,0,0,9.1,0,0,0
96,N,8,2,5.2,0,0,10.9,0,0,0
96,N,8,3,6.1,0,0,11.8,0,0,0
96,N,8,4,6,0,0,12.4,0,40,0
96,N,8,5,6.1,0,0,12.9,0,144,0
96,N,8,6,6,0,0,12.9,0,212,0
96,N,8,7,6.1,0,0,13.4,0,310,0
96,N,8,8,6,0,0,13.7,0,357,0
96,N,8,9,6.1,0,1,14,0,461,0
96,N,8,10,6,0,0,14.2,0,502,0
96,N,8,11,,,,,,,
96,N,8,12,,,,,,,
96,N,8,13,,,,,,,
96,N,8,14,,,,,,,
96,N,8,15,,,,,,,
97,N,8,0,3.6,0,0,8.1,0,0,0
97,N,8,1,5.4,0,0,9.2,0,0,0
97,N,8,2,7,0,0,10.3,0,0,0
97,N,8,3,8.1,0,0,10.9,0,0,0
97,N,8,4,8.8,0,0,11.4,0,28,0
97,N,8,5,9.3,0,0,11.7,0,55,0
97,N,8,6,9.7,0,0,11.7,0,72,0
97,N,8,7,10,0,0,11.7,0,97,0
97,N,8,8,10.9,0,0,12.1,0,167,0
97,N,8,9,11,0,0,12,0,167,0
97,N,8,10,11.3,0,0,12.2,0,190,0
97,N,8,11,11.4,0,0,12.2,0,268,0
97,N,8,12,11.7,0,0,12.5,0,309,0
97,N,8,13,12.2,0,0,12.5,0,354,0
97,N,8,14,12.6,0,0,12.5,0,418,0
97,N,8,15,12.8,0,1,12.7,0,555,0
98,N,8,0,3.7,0,0,8.3,0,0,0
98,N,8,1,5.4,0,0,9.1,0,0,0
98,N,8,2,6.7,0,0,9.8,0,0,0
98,N,8,3,7.9,0,0,10.6,0,25,0
98,N,8,4,8.7,0,0,10.8,0,71,0
98,N,8,5,9.3,0,0,11.2,0,116,0
98,N,8,6,9.6,0,0,11.1,0,197,0
98,N,8,7,10,0,0,11.2,0,245,0
98,N,8,8,10.3,0,0,11.5,0,335,0
98,N,8,9,10.4,0,0,11.6,0,367,0
98,N,8,10,10.8,0,0,11.8,0,436,0
98,N,8,11,11.1,0,0,11.5,0,556,0
98,N,8,12,11.5,0,0,11.7,0,643,0
98,N,8,13,11.7,0,0,12,0,766,0
98,N,8,14,11.8,0,0,12.2,0,840,0
98,N,8,15,12.2,0,1,12.3,0,925,0
99,N,8,0,4.1,0,0,8.5,0,0,0
99,N,8,1,5.1,0,0,9.3,0,0,0
99,N,8,2,6.3,0,0,10.5,0,0,0
99,N,8,3,7.2,0,0,11.1,0,0,0
99,N,8,4,7.7,0,0,11.7,0,0,0
99,N,8,5,8.3,0,0,12.1,0,0,0
99,N,8,6,8.6,0,0,12,0,0,0
99,N,8,7,8.9,0,0,12.4,0,0,0
99,N,8,8,9.4,0,0,12.8,0,14,0
99,N,8,9,9.4,0,0,13,0,61,0
99,N,8,10,9.5,0,0,13.2,0,61,0
99,N,8,11,9.6,0,0,13.2,0,80,0
99,N,8,12,10.1,0,0,13.5,0,146,0
99,N,8,13,10.4,0,0,13.9,0,146,0
99,N,8,14,10.5,0,0,14,0,157,0
99,N,8,15,10.8,0,1,14.1,0,173,0
100,N,8,0,3.5,0,0,8.3,0,0,0
100,N,8,1,5.2,0,0,9,0,0,0
100,N,8,2,6.5,0,0,10,0,0,0
100,N,8,3,7.6,0,0,10.8,0,0,0
100,N,8,4,8.5,0,0,11.1,0,0,0
100,N,8,5,9.2,0,0,11.4,0,28,0
100,N,8,6,9.4,0,0,11.5,0,28,0
100,N,8,7,9.7,0,0,11.6,0,30,0
100,N,8,8,10,0,0,12,0,30,0
100,N,8,9,10.1,0,0,12.2,0,30,0
100,N,8,10,10.4,0,0,12.3,0,30,0
100,N,8,11,10.3,0,0,12.3,0,59,0
100,N,8,12,10.9,0,0,12.8,0,134,0
100,N,8,13,11.1,0,0,13.2,0,174,0
100,N,8,14,11.3,0,0,13.3,0,209,0
100,N,8,15,11.8,0,0,13.4,0,248,0
103,Y,13.5,0,4.1,0,0,13.5,0,0,0
103,Y,13.5,1,4.6,0,0,13.5,0,0,0
103,Y,13.5,2,5.9,0,0,13.7,0,0,0
103,Y,13.5,3,6.9,0,0,14.1,0,29,0
103,Y,13.5,4,7.1,0,0,14.1,0,29,0
103,Y,13.5,5,7.1,85,0,14.2,0,118,85
103,Y,13.5,6,7.1,32,0,14.6,0,165,117
103,Y,13.5,7,6.8,42,0,14.8,0,280,159
103,Y,13.5,8,7.3,38,0,15,0,406,197
103,Y,13.5,9,7.3,55,1,15,0,406,252
103,Y,13.5,10,,,,,,,
103,Y,13.5,11,,,,,,,
103,Y,13.5,12,,,,,,,
103,Y,13.5,13,,,,,,,
103,Y,13.5,14,,,,,,,
103,Y,13.5,15,,,,,,,
105,Y,13.5,0,4.3,0,0,14.8,0,0,0
105,Y,13.5,1,5.3,0,0,15.2,0,52,0
105,Y,13.5,2,6.7,0,0,15.7,0,222,0
105,Y,13.5,3,8,0,0,15.9,0,421,0
105,Y,13.5,4,8.3,0,0,16,0,421,0
105,Y,13.5,5,8.5,451,0,16.1,0,466,451
105,Y,13.5,6,8.6,295,0,16.1,0,466,746
105,Y,13.5,7,8.6,142,0,15.7,0,499,888
105,Y,13.5,8,8.7,38,0,16.5,0,553,926
105,Y,13.5,9,8.7,36,0,16.5,0,553,962
105,Y,13.5,10,8.8,31,0,16.9,0,553,993
105,Y,13.5,11,8.6,104,0,17,0,555,1097
105,Y,13.5,12,8.8,76,0,17.2,0,558,1173
105,Y,13.5,13,8.7,38,0,17.4,0,564,1211
105,Y,13.5,14,8.7,111,0,17.6,0,564,1322
105,Y,13.5,15,8.7,142,1,17.8,0,564,1464
106,Y,13.5,0,3.9,0,0,14.8,0,0,0
106,Y,13.5,1,5,0,0,14.8,0,0,0
106,Y,13.5,2,6.3,0,0,14.8,0,96,0
106,Y,13.5,3,7.7,0,0,14.9,0,155,0
106,Y,13.5,4,8.2,0,0,14.9,0,216,0
106,Y,13.5,5,8.6,208,0,15.2,0,303,208
106,Y,13.5,6,8.9,392,0,14.9,0,361,600
106,Y,13.5,7,9.5,378,0,15.1,0,410,978
106,Y,13.5,8,9.8,586,0,15.1,0,531,1564
106,Y,13.5,9,10,468,1,14.9,0,563,2032
106,Y,13.5,10,10,,,15,0,569,
106,Y,13.5,11,,,,,,,
106,Y,13.5,12,,,,,,,
106,Y,13.5,13,,,,,,,
106,Y,13.5,14,,,,,,,
106,Y,13.5,15,,,,,,,
107,Y,13.5,0,3.8,0,0,13.5,0,0,0
107,Y,13.5,1,4.4,0,0,13.7,0,0,0
107,Y,13.5,2,5.6,0,0,14.1,0,74,0
107,Y,13.5,3,6.3,0,0,14.2,0,261,0
107,Y,13.5,4,6.5,5,0,14.4,0,375,5
107,Y,13.5,5,6.6,135,0,14.5,0,450,140
107,Y,13.5,6,6.7,3,0,14.5,0,564,143
107,Y,13.5,7,6.9,142,0,14.5,0,631,285
107,Y,13.5,8,7,41,0,14.8,0,654,326
107,Y,13.5,9,7.1,226,0,14.8,0,679,552
107,Y,13.5,10,7.3,104,0,15.2,0,684,656
107,Y,13.5,11,7.2,66,0,15,0,688,722
107,Y,13.5,12,7.5,104,0,15.5,0,694,826
107,Y,13.5,13,7.6,89,0,15.5,0,699,915
107,Y,13.5,14,7.7,139,0,15.7,0,702,1054
107,Y,13.5,15,7.9,42,1,15.9,0,711,1096
108,Y,13.5,0,4,0,0,12.8,0,0,0
108,Y,13.5,1,5.4,0,0,12.9,0,0,0
108,Y,13.5,2,7.2,0,0,13.1,0,0,0
108,Y,13.5,3,8.6,0,0,13.8,0,0,0
108,Y,13.5,4,9.8,1,0,13.9,0,0,1
108,Y,13.5,5,10.3,4,0,14,0,19,5
108,Y,13.5,6,10.7,36,0,14.1,0,57,41
108,Y,13.5,7,10.9,102,0,14,0,78,143
108,Y,13.5,8,11.3,39,0,14.2,0,114,182
108,Y,13.5,9,11.4,93,1,14.2,0,155,275
108,Y,13.5,10,11.4,,,14.5,0,155,
108,Y,13.5,11,,,,,,,
108,Y,13.5,12,,,,,,,
108,Y,13.5,13,,,,,,,
108,Y,13.5,14,,,,,,,
108,Y,13.5,15,,,,,,,
109,Y,13.5,0,4.2,0,0,14,0,0,0
109,Y,13.5,1,4.7,0,0,14.1,0,0,0
109,Y,13.5,2,5.7,0,0,14.6,0,21,0
109,Y,13.5,3,6.5,0,0,14.7,0,104,0
109,Y,13.5,4,6.8,0,0,15,0,218,0
109,Y,13.5,5,6.9,83,0,15.1,0,327,83
109,Y,13.5,6,6.7,146,0,15,0,327,229
109,Y,13.5,7,6.7,35,0,15.4,0,359,264
109,Y,13.5,8,6.8,20,0,15.7,0,359,284
109,Y,13.5,9,7,28,0,15.8,0,365,312
109,Y,13.5,10,7,24,0,16.4,0,365,336
109,Y,13.5,11,6.8,24,0,16.7,0,365,360
109,Y,13.5,12,6.8,1,1,17,0,365,361
109,Y,13.5,13,,,,,,,
109,Y,13.5,14,,,,,,,
109,Y,13.5,15,,,,,,,
111,Y,13.5,0,4.4,0,0,14.3,0,0,0
111,Y,13.5,1,4.5,0,0,14.3,0,0,0
111,Y,13.5,2,4.8,0,0,14.5,0,24,0
111,Y,13.5,3,5.3,0,0,14.6,0,185,0
111,Y,13.5,4,5.4,0,0,14.8,0,311,0
111,Y,13.5,5,5.5,59,0,15,0,422,59
111,Y,13.5,6,5.4,1,1,14.9,0,533,60
111,Y,13.5,7,,,,,,,
111,Y,13.5,8,,,,,,,
111,Y,13.5,9,,,,,,,
111,Y,13.5,10,,,,,,,
111,Y,13.5,11,,,,,,,
111,Y,13.5,12,,,,,,,
111,Y,13.5,13,,,,,,,
111,Y,13.5,14,,,,,,,
111,Y,13.5,15,,,,,,,
113,Y,13.5,0,3.8,0,0,12.5,0,0,0
113,Y,13.5,1,4.4,0,0,12.7,0,0,0
113,Y,13.5,2,5.9,0,0,13.1,0,0,0
113,Y,13.5,3,7.1,0,0,13.9,0,19,0
113,Y,13.5,4,7.9,0,0,13.9,0,75,0
113,Y,13.5,5,8.7,1,0,14,0,132,1
113,Y,13.5,6,8.9,12,0,14.1,0,132,13
113,Y,13.5,7,9.7,37,0,14.1,0,132,50
113,Y,13.5,8,10,80,0,14.2,0,173,130
113,Y,13.5,9,10.1,163,0,14.2,0,173,293
113,Y,13.5,10,10.1,139,0,14.4,0,173,432
113,Y,13.5,11,10,125,0,14.7,0,208,557
113,Y,13.5,12,10.3,167,0,14.8,0,208,724
113,Y,13.5,13,10.3,371,0,15.1,0,257,1095
113,Y,13.5,14,10.4,579,0,15.1,0,289,1674
113,Y,13.5,15,10.5,177,1,15.3,0,370,1851
114,Y,13.5,0,3.9,0,0,14.3,0,0,0
114,Y,13.5,1,4.8,0,0,14.4,0,0,0
114,Y,13.5,2,6.7,0,0,14.6,0,0,0
114,Y,13.5,3,7.9,0,0,14.7,0,35,0
114,Y,13.5,4,8.3,23,0,14.7,0,66,23
114,Y,13.5,5,8.8,309,0,14.7,0,163,332
114,Y,13.5,6,8.7,427,1,14.7,0,207,759
114,Y,13.5,7,,,,,,,
114,Y,13.5,8,,,,,,,
114,Y,13.5,9,,,,,,,
114,Y,13.5,10,,,,,,,
114,Y,13.5,11,,,,,,,
114,Y,13.5,12,,,,,,,
114,Y,13.5,13,,,,,,,
114,Y,13.5,14,,,,,,,
114,Y,13.5,15,,,,,,,
115,Y,13.5,0,4.4,0,0,14.8,0,0,0
115,Y,13.5,1,5.1,0,0,14.8,0,0,0
115,Y,13.5,2,6.9,0,0,15.2,0,0,0
115,Y,13.5,3,7.5,0,0,15.3,0,0,0
115,Y,13.5,4,7.5,0,0,15.4,0,96,0
115,Y,13.5,5,7.4,194,0,15.5,0,166,194
115,Y,13.5,6,7.4,187,0,15.6,0,211,381
115,Y,13.5,7,7.3,36,1,15.9,0,367,417
115,Y,13.5,8,,,,,,,
115,Y,13.5,9,,,,,,,
115,Y,13.5,10,,,,,,,
115,Y,13.5,11,,,,,,,
115,Y,13.5,12,,,,,,,
115,Y,13.5,13,,,,,,,
115,Y,13.5,14,,,,,,,
115,Y,13.5,15,,,,,,,
117,Y,13.5,0,4,0,0,14.7,0,0,0
117,Y,13.5,1,4.9,0,0,14.7,0,0,0
117,Y,13.5,2,6.9,0,0,15,0,0,0
117,Y,13.5,3,8,0,0,15.3,0,43,0
117,Y,13.5,4,8.5,5,0,15.1,0,145,5
117,Y,13.5,5,8.7,62,0,15.3,0,246,67
117,Y,13.5,6,8.7,87,0,15.2,0,310,154
117,Y,13.5,7,8.6,142,0,15.5,0,412,296
117,Y,13.5,8,9.2,41,0,15.6,0,524,337
117,Y,13.5,9,9.3,35,0,15.5,0,579,372
117,Y,13.5,10,9.2,180,0,15.6,0,702,552
117,Y,13.5,11,9.2,28,0,15.7,0,832,580
117,Y,13.5,12,9.5,462,0,15.7,0,930,1042
117,Y,13.5,13,9.6,87,0,15.9,0,1017,1129
117,Y,13.5,14,9.8,110,0,16.1,0,1064,1239
117,Y,13.5,15,9.9,97,1,16.2,0,1074,1336
118,Y,13.5,0,4,0,0,12.7,0,0,0
118,Y,13.5,1,4.6,0,0,12.9,0,0,0
118,Y,13.5,2,6.4,0,0,13.2,0,0,0
118,Y,13.5,3,7.6,0,0,13.6,0,9,0
118,Y,13.5,4,7.8,1,0,13.8,0,120,1
118,Y,13.5,5,7.7,160,0,13.9,0,120,161
118,Y,13.5,6,7.6,38,1,14.1,0,120,199
118,Y,13.5,7,,,,,,,
118,Y,13.5,8,,,,,,,
118,Y,13.5,9,,,,,,,
118,Y,13.5,10,,,,,,,
118,Y,13.5,11,,,,,,,
118,Y,13.5,12,,,,,,,
118,Y,13.5,13,,,,,,,
118,Y,13.5,14,,,,,,,
118,Y,13.5,15,,,,,,,
120,Y,13.5,0,3.9,0,0,12.3,0,0,0
120,Y,13.5,1,4.6,0,0,12.5,0,0,0
120,Y,13.5,2,6.2,0,0,12.9,0,0,0
120,Y,13.5,3,7.5,0,0,13.3,0,0,0
120,Y,13.5,4,7.8,0,0,13.4,0,27,0
120,Y,13.5,5,8,271,0,13.6,0,27,271
120,Y,13.5,6,8.1,90,0,13.9,0,77,361
120,Y,13.5,7,8.2,187,0,14.5,0,95,548
120,Y,13.5,8,8.6,76,0,14.7,0,118,624
120,Y,13.5,9,8.5,34,0,15,0,177,658
120,Y,13.5,10,8.6,312,0,15.3,0,200,970
120,Y,13.5,11,8.9,17,0,15.4,0,225,987
120,Y,13.5,12,8.9,160,1,15.9,0,260,1147
120,Y,13.5,13,8.8,,,16.2,0,321,
120,Y,13.5,14,,,,,,,
120,Y,13.5,15,,,,,,,
121,N,13.5,0,3.8,0,0,12,0,0,0
121,N,13.5,1,4.7,0,0,12.3,0,0,0
121,N,13.5,2,6.2,0,0,12.7,0,0,0
121,N,13.5,3,7.2,0,0,13.1,0,108,0
121,N,13.5,4,7.8,0,0,13.1,0,197,0
121,N,13.5,5,8.3,0,0,13.1,0,275,0
121,N,13.5,6,8.8,0,0,13.7,0,329,0
121,N,13.5,7,9.2,0,0,13.8,0,329,0
121,N,13.5,8,9.6,0,0,14,0,329,0
121,N,13.5,9,9.9,0,0,13.9,0,342,0
121,N,13.5,10,10.1,0,0,14.3,0,439,0
121,N,13.5,11,10.2,0,0,13.8,0,495,0
121,N,13.5,12,10.6,0,0,14.1,0,583,0
121,N,13.5,13,10.7,0,0,14.1,0,645,0
121,N,13.5,14,11,0,0,14.4,0,783,0
121,N,13.5,15,11,0,1,14.4,0,924,0
122,N,13.5,0,3.6,0,0,12.4,0,0,0
122,N,13.5,1,4.2,0,0,12.7,0,0,0
122,N,13.5,2,5.6,0,0,13.3,0,9,0
122,N,13.5,3,6.3,0,0,13.5,0,9,0
122,N,13.5,4,6.8,0,0,13.8,0,9,0
122,N,13.5,5,7.6,0,0,13.9,0,9,0
122,N,13.5,6,7.8,0,0,14,0,95,0
122,N,13.5,7,8.1,0,0,14,0,114,0
122,N,13.5,8,8.7,0,0,14,0,164,0
122,N,13.5,9,9,0,0,14.2,0,168,0
122,N,13.5,10,9.3,0,0,14.2,0,244,0
122,N,13.5,11,9.5,0,0,14.2,0,299,0
122,N,13.5,12,10.1,0,0,14.6,0,391,0
122,N,13.5,13,10.3,0,0,14.4,0,436,0
122,N,13.5,14,10.6,0,0,14.5,0,485,0
122,N,13.5,15,10,0,1,14.7,0,560,0
123,N,13.5,0,3.5,0,0,12,0,0,0
123,N,13.5,1,4.1,0,0,12.2,0,0,0
123,N,13.5,2,5.8,0,0,12.7,0,0,0
123,N,13.5,3,6.8,0,0,13,0,13,0
123,N,13.5,4,7.8,0,0,13.7,0,13,0
123,N,13.5,5,8.1,0,0,13.9,0,26,0
123,N,13.5,6,8.4,0,0,14.1,0,26,0
123,N,13.5,7,8.6,0,0,14.1,0,26,0
123,N,13.5,8,9.2,0,0,14.4,0,26,0
123,N,13.5,9,9.4,0,0,14.5,0,82,0
123,N,13.5,10,9.7,0,0,14.7,0,130,0
123,N,13.5,11,9.9,0,0,14.7,0,211,0
123,N,13.5,12,10.2,0,0,15,0,357,0
123,N,13.5,13,10.5,0,0,15,0,461,0
123,N,13.5,14,10.5,0,0,15.2,0,549,0
123,N,13.5,15,10.7,0,1,15.3,0,616,0
124,N,13.5,0,3.7,0,0,12.1,0,0,0
124,N,13.5,1,4.2,0,0,12.3,0,0,0
124,N,13.5,2,5.5,0,0,12.6,0,27,0
124,N,13.5,3,6.3,0,0,13,0,27,0
124,N,13.5,4,7.3,0,0,13.4,0,27,0
124,N,13.5,5,7.9,0,0,13.7,0,27,0
124,N,13.5,6,8.2,0,0,13.8,0,27,0
124,N,13.5,7,8.7,0,0,14.1,0,27,0
124,N,13.5,8,9.1,0,0,14.3,0,27,0
124,N,13.5,9,9.3,0,0,14.5,0,27,0
124,N,13.5,10,9.8,0,0,14.6,0,27,0
124,N,13.5,11,10.2,0,0,14.7,0,27,0
124,N,13.5,12,10.6,0,0,15.2,0,27,0
124,N,13.5,13,10.8,0,0,15.2,0,27,0
124,N,13.5,14,11.1,0,0,15.5,0,27,0
124,N,13.5,15,11.4,0,1,15.7,0,27,0
125,N,13.5,0,4.3,0,0,12.8,0,0,0
125,N,13.5,1,6.1,0,0,12.5,0,0,0
125,N,13.5,2,7.6,0,0,12.7,0,94,0
125,N,13.5,3,8.8,0,0,13,0,179,0
125,N,13.5,4,9.4,0,0,13.1,0,246,0
125,N,13.5,5,9.9,0,0,13,0,310,0
125,N,13.5,6,10.2,0,0,13,0,350,0
125,N,13.5,7,10.7,0,0,13,0,425,0
125,N,13.5,8,11,0,0,13.2,0,496,0
125,N,13.5,9,11,0,0,13.2,0,530,0
125,N,13.5,10,12,0,0,13.2,0,582,0
125,N,13.5,11,12.1,0,0,13.1,0,666,0
125,N,13.5,12,12.5,0,0,13.2,0,727,0
125,N,13.5,13,12.6,0,0,13.2,0,784,0
125,N,13.5,14,12.7,0,0,13.2,0,830,0
125,N,13.5,15,12.9,0,1,13.2,0,951,0
126,Y,18,0,4.2,0,0,17.8,0,0,0
126,Y,18,1,4.5,0,0,17.7,0,0,0
126,Y,18,2,5.3,0,0,17.9,0,37,0
126,Y,18,3,6.2,0,0,17.9,0,82,0
126,Y,18,4,6.6,0,0,18,0,183,0
126,Y,18,5,6.6,59,0,17.8,0,283,59
126,Y,18,6,6.8,45,0,17.9,0,391,104
126,Y,18,7,7.1,20,0,18,0,449,124
126,Y,18,8,7.2,39,0,18,0,517,163
126,Y,18,9,7.4,24,0,18,0,580,187
126,Y,18,10,7.7,70,0,18.3,0,580,257
126,Y,18,11,7.6,90,0,17.7,0,679,347
126,Y,18,12,8.1,73,0,17.8,0,750,420
126,Y,18,13,8.2,35,0,18,0,790,455
126,Y,18,14,8.3,69,0,18,0,808,524
126,Y,18,15,8.8,56,1,18,0,828,580
127,Y,18,0,3.6,0,0,16,0,0,0
127,Y,18,1,4.8,0,0,16,0,0,0
127,Y,18,2,6.4,0,0,16.2,0,0,0
127,Y,18,3,7.4,0,0,16.3,0,76,0
127,Y,18,4,7.8,0,0,16,0,179,0
127,Y,18,5,7.8,167,0,16.1,0,291,167
127,Y,18,6,7.9,125,0,16.1,0,426,292
127,Y,18,7,7.9,47,0,16.1,0,555,339
127,Y,18,8,7.8,35,0,16.1,0,626,374
127,Y,18,9,8.1,17,0,16.2,0,694,391
127,Y,18,10,8,38,0,16.2,0,830,429
127,Y,18,11,7.9,142,1,16,0,930,571
127,Y,18,12,8,,,16.1,0,962,
127,Y,18,13,,,,,,,
127,Y,18,14,,,,,,,
127,Y,18,15,,,,,,,
128,Y,18,0,3.8,0,0,16.4,0,0,0
128,Y,18,1,4.4,0,0,16.2,0,0,0
128,Y,18,2,5.9,0,0,16.5,0,16,0
128,Y,18,3,6.8,0,0,16.5,0,49,0
128,Y,18,4,7,42,0,16.5,0,257,42
128,Y,18,5,7.3,44,0,16.8,0,353,86
128,Y,18,6,7.1,41,0,16.8,0,474,127
128,Y,18,7,6.9,77,0,16.4,0,560,204
128,Y,18,8,7.2,33,1,16.5,0,627,237
128,Y,18,9,,,,,,,
128,Y,18,10,,,,,,,
128,Y,18,11,,,,,,,
128,Y,18,12,,,,,,,
128,Y,18,13,,,,,,,
128,Y,18,14,,,,,,,
128,Y,18,15,,,,,,,
130,Y,18,0,3.5,0,0,17.6,0,0,0
130,Y,18,1,4,0,0,17.5,0,0,0
130,Y,18,2,5.5,0,0,17.7,0,43,0
130,Y,18,3,6.2,0,0,17.6,0,43,0
130,Y,18,4,6.5,0,0,17.4,0,72,0
130,Y,18,5,7.1,239,0,17.8,0,148,239
130,Y,18,6,7.1,361,0,17.7,0,148,600
130,Y,18,7,7.1,27,0,17.7,0,192,627
130,Y,18,8,7.3,22,1,18,0,212,649
130,Y,18,9,,,,,,,
130,Y,18,10,,,,,,,
130,Y,18,11,,,,,,,
130,Y,18,12,,,,,,,
130,Y,18,13,,,,,,,
130,Y,18,14,,,,,,,
130,Y,18,15,,,,,,,
131,Y,18,0,3.6,0,0,18.5,0,0,0
131,Y,18,1,4.2,0,0,18.4,0,0,0
131,Y,18,2,5.3,0,0,18.4,0,103,0
131,Y,18,3,5.9,0,0,18.5,0,311,0
131,Y,18,4,6,5,0,18.4,0,502,5
131,Y,18,5,6.1,149,0,18.5,0,620,154
131,Y,18,6,6.2,80,0,18.5,0,731,234
131,Y,18,7,6,22,1,18.3,0,816,256
131,Y,18,8,,,,,,,
131,Y,18,9,,,,,,,
131,Y,18,10,,,,,,,
131,Y,18,11,,,,,,,
131,Y,18,12,,,,,,,
131,Y,18,13,,,,,,,
131,Y,18,14,,,,,,,
131,Y,18,15,,,,,,,
132,Y,18,0,3.8,0,0,16.5,0,0,0
132,Y,18,1,4.6,0,0,16.8,0,0,0
132,Y,18,2,6.4,0,0,16.6,0,164,0
132,Y,18,3,7,0,0,16.5,0,371,0
132,Y,18,4,7,5,0,16.5,0,532,5
132,Y,18,5,7.2,97,0,16.6,0,687,102
132,Y,18,6,7.2,66,0,16.6,0,740,168
132,Y,18,7,6.9,53,0,16.2,0,904,221
132,Y,18,8,7.4,29,0,16.9,0,1025,250
132,Y,18,9,7.3,14,0,16.8,0,1177,264
132,Y,18,10,7.4,15,0,16.7,0,1245,279
132,Y,18,11,7.3,0,1,16.5,0,1325,279
132,Y,18,12,7.5,,,16.7,0,1344,
132,Y,18,13,,,,,,,
132,Y,18,14,,,,,,,
132,Y,18,15,,,,,,,
133,Y,18,0,3.9,0,0,19.7,0,0,0
133,Y,18,1,4,0,0,19.7,0,0,0
133,Y,18,2,5.3,0,0,19.6,0,206,0
133,Y,18,3,6,0,0,19.6,0,453,0
133,Y,18,4,6.1,0,0,19.5,0,526,0
133,Y,18,5,6.1,17,0,19.7,0,630,17
133,Y,18,6,6.1,18,0,19.6,0,681,35
133,Y,18,7,5.9,28,0,19.5,0,711,63
133,Y,18,8,6.3,19,0,19.6,0,722,82
133,Y,18,9,6.3,5,0,19.4,0,722,87
133,Y,18,10,6.3,23,1,19.5,0,722,110
133,Y,18,11,6.3,0,0,19.6,0,722,110
133,Y,18,12,,,,,,,
133,Y,18,13,,,,,,,
133,Y,18,14,,,,,,,
133,Y,18,15,,,,,,,
135,Y,18,0,3.9,0,0,16.8,0,0,0
135,Y,18,1,4.5,0,0,16.7,0,0,0
135,Y,18,2,5.8,0,0,16.9,0,18,0
135,Y,18,3,6.7,0,0,17.1,0,77,0
135,Y,18,4,7.5,1,0,17,0,170,1
135,Y,18,5,8,0,0,17,0,170,1
135,Y,18,6,8.5,4,0,16.9,0,170,5
135,Y,18,7,9,1,0,17,0,203,6
135,Y,18,8,9.8,0,0,17.2,0,203,6
135,Y,18,9,10.1,0,0,17,0,203,6
135,Y,18,10,10.5,2,0,17.1,0,203,8
135,Y,18,11,10.9,2,0,17,0,203,10
135,Y,18,12,11.3,0,0,17.3,0,203,10
135,Y,18,13,11.5,0,1,17.1,0,203,10
135,Y,18,14,11.8,0,,17.5,0,203,
135,Y,18,15,,,,,,,
137,Y,18,0,4.5,0,0,16.4,0,0,0
137,Y,18,1,5,0,0,16.5,0,0,0
137,Y,18,2,6.3,0,0,16.6,0,0,0
137,Y,18,3,7.1,0,0,16.7,0,109,0
137,Y,18,4,7.4,6,0,16.5,0,230,6
137,Y,18,5,7.5,170,0,16.7,0,309,176
137,Y,18,6,7.4,101,0,16.7,0,342,277
137,Y,18,7,7.5,104,0,16.6,0,368,381
137,Y,18,8,7.4,212,1,16.8,0,378,593
137,Y,18,9,,,,,,,
137,Y,18,10,,,,,,,
137,Y,18,11,,,,,,,
137,Y,18,12,,,,,,,
137,Y,18,13,,,,,,,
137,Y,18,14,,,,,,,
137,Y,18,15,,,,,,,
142,Y,18,0,3.7,0,0,15.9,0,0,0
142,Y,18,1,4.6,0,0,16,0,32,0
142,Y,18,2,6.3,0,0,16.1,0,65,0
142,Y,18,3,7.1,0,0,16.3,0,189,0
142,Y,18,4,7.1,4,0,16.2,0,300,4
142,Y,18,5,7.2,146,0,16.3,0,384,150
142,Y,18,6,7.1,177,0,16.1,0,493,327
142,Y,18,7,6.6,142,1,16.8,0,558,469
142,Y,18,8,,,,,,,
142,Y,18,9,,,,,,,
142,Y,18,10,,,,,,,
142,Y,18,11,,,,,,,
142,Y,18,12,,,,,,,
142,Y,18,13,,,,,,,
142,Y,18,14,,,,,,,
142,Y,18,15,,,,,,,
145,Y,18,0,3.7,0,0,16.6,0,0,0
145,Y,18,1,4.3,0,0,16.8,0,0,0
145,Y,18,2,5.5,0,0,16.9,0,0,0
145,Y,18,3,6,0,0,17.2,0,90,0
145,Y,18,4,6,2,0,17.3,0,274,2
145,Y,18,5,6.2,108,0,17.5,0,378,110
145,Y,18,6,6.1,139,1,17.4,0,495,249
145,Y,18,7,,,,,,,
145,Y,18,8,,,,,,,
145,Y,18,9,,,,,,,
145,Y,18,10,,,,,,,
145,Y,18,11,,,,,,,
145,Y,18,12,,,,,,,
145,Y,18,13,,,,,,,
145,Y,18,14,,,,,,,
145,Y,18,15,,,,,,,
146,N,18,0,4.4,0,0,15.5,0,0,0
146,N,18,1,5.3,0,0,15.6,0,0,0
146,N,18,2,6.3,0,0,15.8,0,47,0
146,N,18,3,7.2,0,0,15.9,0,187,0
146,N,18,4,7.5,0,0,15.9,0,229,0
146,N,18,5,7.8,0,0,15.8,0,430,0
146,N,18,6,8.1,0,0,15.8,0,574,0
146,N,18,7,8.5,0,0,16.1,0,681,0
146,N,18,8,9,0,0,15.9,0,805,0
146,N,18,9,9.4,0,0,15.8,0,924,0
146,N,18,10,10,0,0,15.7,0,1052,0
146,N,18,11,9.9,0,0,15.5,0,1151,0
146,N,18,12,10.4,0,0,15.8,0,1257,0
146,N,18,13,10.6,0,0,15.5,0,1371,0
146,N,18,14,10.7,0,0,15.7,0,1371,0
146,N,18,15,11,0,1,15.8,0,1424,0
147,N,18,0,4.5,0,0,17.6,0,0,0
147,N,18,1,5,0,0,17.5,0,42,0
147,N,18,2,6.1,0,0,17.5,0,197,0
147,N,18,3,6.8,0,0,17.6,0,345,0
147,N,18,4,7.3,0,0,17.4,0,398,0
147,N,18,5,7.9,0,0,17.5,0,473,0
147,N,18,6,8.2,0,0,17.5,0,567,0
147,N,18,7,8.2,0,0,17.5,0,669,0
147,N,18,8,8.6,0,0,17,1,727,0
147,N,18,9,8.9,0,0,17,0,795,0
147,N,18,10,9.1,0,0,17,0,795,0
147,N,18,11,9.2,0,0,17,0,859,0
147,N,18,12,9.7,0,0,17.2,0,999,0
147,N,18,13,9.8,0,0,17.2,0,1096,0
147,N,18,14,9.9,0,0,17.2,0,1096,0
147,N,18,15,9.9,0,1,17.4,0,1219,0
148,N,18,0,3.5,0,0,15.7,0,0,0
148,N,18,1,4.1,0,0,15.8,0,0,0
148,N,18,2,5.5,0,0,15.7,0,83,0
148,N,18,3,6.5,0,0,16,0,286,0
148,N,18,4,7.3,0,0,15.7,0,392,0
148,N,18,5,8.1,0,0,15.7,0,462,0
148,N,18,6,8.7,0,0,15.7,0,515,0
148,N,18,7,9.3,0,0,15.7,0,562,0
148,N,18,8,9.8,0,0,15.9,0,620,0
148,N,18,9,9.8,0,0,15.8,0,679,0
148,N,18,10,10.4,0,0,15.8,0,710,0
148,N,18,11,10.5,0,0,15.7,0,789,0
148,N,18,12,10.8,0,0,15.8,0,825,0
148,N,18,13,11.1,0,0,15.3,1,876,0
148,N,18,14,11.1,0,0,15.2,0,936,0
148,N,18,15,11.3,0,1,15.2,0,1036,0
149,N,18,0,3.6,0,0,16.4,0,0,0
149,N,18,1,4.3,0,0,16.5,0,0,0
149,N,18,2,5.2,0,0,16.8,0,80,0
149,N,18,3,6.3,0,0,16.8,0,273,0
149,N,18,4,6.7,0,0,16.9,0,446,0
149,N,18,5,7.5,0,0,16.7,0,569,0
149,N,18,6,8,0,0,16.9,0,706,0
149,N,18,7,8.3,0,0,16.7,0,795,0
149,N,18,8,8.6,0,0,17.1,0,884,0
149,N,18,9,8.5,0,0,17,0,937,0
149,N,18,10,9,0,0,17,0,1017,0
149,N,18,11,9,0,0,16.8,0,1113,0
149,N,18,12,9.2,0,1,17,0,1180,0
149,N,18,13,9.2,,,16.9,0,1207,
149,N,18,14,,,,,,,
149,N,18,15,,,,,,,
150,N,18,0,3.5,0,0,16.3,0,0,0
150,N,18,1,4,0,0,16.4,0,0,0
150,N,18,2,5,0,0,16.6,0,132,0
150,N,18,3,5.9,0,0,16.6,0,235,0
150,N,18,4,6.8,0,0,16.4,0,353,0
150,N,18,5,7.4,0,0,16.6,0,472,0
150,N,18,6,7.6,0,0,16.6,0,601,0
150,N,18,7,8.1,0,0,15.5,0,723,0
150,N,18,8,8.7,0,0,16.5,0,784,0
150,N,18,9,8.8,0,0,16.3,0,855,0
150,N,18,10,9.3,0,0,16.5,0,927,0
150,N,18,11,9.7,0,0,16.4,0,988,0
150,N,18,12,10,0,0,16.5,0,1037,0
150,N,18,13,10.3,0,0,16.5,0,1096,0
150,N,18,14,10.6,0,0,16.6,0,1150,0
150,N,18,15,10.9,0,1,16.6,0,1217,0
